,106,122,133,17,2,218,254,282,294,30,301,302,33,335,339,341,362,5,6,106,122,133,17,2,218,254,282,294,30,301,302,33,335,339,341,362,5,6
0,0.051875673,0.001866594,-4.4099984e-06,0.008967742,0.01115872,0.010272443,-3.6505608e-05,0.030838475,0.045969583,0.048217706,0.045274787,-5.4537355e-05,0.041086428,0.005648479,-0.0002507153,-9.944007e-05,0.059122123,0.024310142,0.06725851,0.051875673,0.001866594,-4.4099984e-06,0.008967742,0.01115872,0.010272443,-3.6505608e-05,0.030838475,0.045969583,0.048217706,0.045274787,-5.4537355e-05,0.041086428,0.005648479,-0.0002507153,-9.944007e-05,0.059122123,0.024310142,0.06725851
1,-0.0006280792,-0.0007174869,-0.0007406859,-0.0009232482,-0.0007848407,-0.00063355133,-0.0007727815,-0.00074474554,-0.0007761283,-0.00051386043,-0.00073855,-0.0010731601,-0.00071362866,-0.0006797911,-0.0009869909,-0.0008357161,-0.00065709546,-0.0006302349,-0.0005376896,-0.0006280792,-0.0007174869,-0.0007406859,-0.0009232482,-0.0007848407,-0.00063355133,-0.0007727815,-0.00074474554,-0.0007761283,-0.00051386043,-0.00073855,-0.0010731601,-0.00071362866,-0.0006797911,-0.0009869909,-0.0008357161,-0.00065709546,-0.0006302349,-0.0005376896
2,-0.0011439979,-0.0009711426,-0.0011459759,-0.0013555193,-0.0011901304,-0.0009871223,-0.001032694,-0.0011859479,-0.0013130626,-0.0009277552,-0.001275484,-0.0015111046,-0.0012063098,-0.00094814505,-0.0012806737,-0.0011161554,-0.0012208348,-0.0010355245,-0.0010746238,-0.0011439979,-0.0009711426,-0.0011459759,-0.0013555193,-0.0011901304,-0.0009871223,-0.001032694,-0.0011859479,-0.0013130626,-0.0009277552,-0.001275484,-0.0015111046,-0.0012063098,-0.00094814505,-0.0012806737,-0.0011161554,-0.0012208348,-0.0010355245,-0.0010746238
3,-0.0013568902,-0.001104122,-0.001339117,-0.0015684118,-0.0014030227,-0.0011201024,-0.0011656737,-0.0013988406,-0.001594764,-0.0011406472,-0.0015352115,-0.0017239973,-0.0014192021,-0.0010811248,-0.0014136535,-0.0012491348,-0.0015025365,-0.0012484172,-0.0013041445,-0.0013568902,-0.001104122,-0.001339117,-0.0015684118,-0.0014030227,-0.0011201024,-0.0011656737,-0.0013988406,-0.001594764,-0.0011406472,-0.0015352115,-0.0017239973,-0.0014192021,-0.0010811248,-0.0014136535,-0.0012491348,-0.0015025365,-0.0012484172,-0.0013041445
4,-0.0014721495,-0.0011759076,-0.0014109024,-0.0016836711,-0.0015182822,-0.0011918878,-0.0012374591,-0.0015141001,-0.001747019,-0.0012559068,-0.001650471,-0.0018392565,-0.0015344616,-0.0011529103,-0.0014854387,-0.0013209203,-0.0016547915,-0.0013636767,-0.0014194038,-0.0014721495,-0.0011759076,-0.0014109024,-0.0016836711,-0.0015182822,-0.0011918878,-0.0012374591,-0.0015141001,-0.001747019,-0.0012559068,-0.001650471,-0.0018392565,-0.0015344616,-0.0011529103,-0.0014854387,-0.0013209203,-0.0016547915,-0.0013636767,-0.0014194038
5,-0.0015385571,-0.0012171135,-0.001452108,-0.0017500788,-0.0015846898,-0.0012330934,-0.0012786647,-0.0015805068,-0.0018142116,-0.0013223144,-0.001716878,-0.0019056645,-0.001600869,-0.0011941164,-0.0015266454,-0.0013621264,-0.0017315379,-0.0014300838,-0.0014858112,-0.0015385571,-0.0012171135,-0.001452108,-0.0017500788,-0.0015846898,-0.0012330934,-0.0012786647,-0.0015805068,-0.0018142116,-0.0013223144,-0.001716878,-0.0019056645,-0.001600869,-0.0011941164,-0.0015266454,-0.0013621264,-0.0017315379,-0.0014300838,-0.0014858112
6,-0.0015793684,-0.0012423327,-0.0014773277,-0.00179089,-0.0016255014,-0.0012583131,-0.0013038841,-0.0016213187,-0.0018550232,-0.0013631254,-0.0017576896,-0.0019464757,-0.0016416808,-0.0012193357,-0.0015518641,-0.0013873451,-0.0017723495,-0.0014708957,-0.0015266225,-0.0015793684,-0.0012423327,-0.0014773277,-0.00179089,-0.0016255014,-0.0012583131,-0.0013038841,-0.0016213187,-0.0018550232,-0.0013631254,-0.0017576896,-0.0019464757,-0.0016416808,-0.0012193357,-0.0015518641,-0.0013873451,-0.0017723495,-0.0014708957,-0.0015266225
7,-0.001605876,-0.0012586453,-0.0014936405,-0.0018173972,-0.0016520083,-0.0012746259,-0.001320197,-0.0016478258,-0.0018815305,-0.001389633,-0.0017841967,-0.0019729824,-0.0016681877,-0.0012356486,-0.0015681772,-0.0014036587,-0.0017988562,-0.0014974024,-0.0015531299,-0.001605876,-0.0012586453,-0.0014936405,-0.0018173972,-0.0016520083,-0.0012746259,-0.001320197,-0.0016478258,-0.0018815305,-0.001389633,-0.0017841967,-0.0019729824,-0.0016681877,-0.0012356486,-0.0015681772,-0.0014036587,-0.0017988562,-0.0014974024,-0.0015531299
8,-0.0016238281,-0.0012696546,-0.001504649,-0.0018353495,-0.0016699609,-0.0012856344,-0.001331206,-0.0016657781,-0.0018994829,-0.0014075855,-0.0018021493,-0.001990935,-0.00168614,-0.001246657,-0.0015791863,-0.0014146673,-0.0018168086,-0.0015153551,-0.0015710822,-0.0016238281,-0.0012696546,-0.001504649,-0.0018353495,-0.0016699609,-0.0012856344,-0.001331206,-0.0016657781,-0.0018994829,-0.0014075855,-0.0018021493,-0.001990935,-0.00168614,-0.001246657,-0.0015791863,-0.0014146673,-0.0018168086,-0.0015153551,-0.0015710822
9,-0.0016363099,-0.0012772882,-0.0015122828,-0.0018478313,-0.0016824424,-0.0012932682,-0.0013388395,-0.0016782596,-0.0019119646,-0.0014200669,-0.0018146309,-0.0020034167,-0.0016986214,-0.0012542909,-0.0015868199,-0.0014223012,-0.0018292903,-0.0015278365,-0.001583564,-0.0016363099,-0.0012772882,-0.0015122828,-0.0018478313,-0.0016824424,-0.0012932682,-0.0013388395,-0.0016782596,-0.0019119646,-0.0014200669,-0.0018146309,-0.0020034167,-0.0016986214,-0.0012542909,-0.0015868199,-0.0014223012,-0.0018292903,-0.0015278365,-0.001583564
10,-0.001645053,-0.0012826293,-0.0015176233,-0.0018565747,-0.0016911858,-0.0012986087,-0.0013441804,-0.0016870031,-0.0019207081,-0.0014288103,-0.0018233743,-0.0020121604,-0.0017073652,-0.0012596318,-0.0015921607,-0.0014276417,-0.0018380338,-0.00153658,-0.001592307,-0.001645053,-0.0012826293,-0.0015176233,-0.0018565747,-0.0016911858,-0.0012986087,-0.0013441804,-0.0016870031,-0.0019207081,-0.0014288103,-0.0018233743,-0.0020121604,-0.0017073652,-0.0012596318,-0.0015921607,-0.0014276417,-0.0018380338,-0.00153658,-0.001592307
11,-0.0016510662,-0.0012863057,-0.0015213003,-0.0018625879,-0.001697199,-0.0013022858,-0.0013478568,-0.0016930159,-0.001926721,-0.0014348233,-0.0018293872,-0.0020181737,-0.0017133778,-0.0012633085,-0.0015958374,-0.0014313185,-0.001844047,-0.0015425929,-0.0015983203,-0.0016510662,-0.0012863057,-0.0015213003,-0.0018625879,-0.001697199,-0.0013022858,-0.0013478568,-0.0016930159,-0.001926721,-0.0014348233,-0.0018293872,-0.0020181737,-0.0017133778,-0.0012633085,-0.0015958374,-0.0014313185,-0.001844047,-0.0015425929,-0.0015983203
12,-0.0016549438,-0.0012886897,-0.0015236842,-0.0018664649,-0.001701076,-0.0013046697,-0.001350241,-0.0016968935,-0.0019305983,-0.0014387008,-0.0018332641,-0.0020220503,-0.0017172553,-0.0012656924,-0.0015982214,-0.0014337027,-0.001847924,-0.0015464699,-0.0016021973,-0.0016549438,-0.0012886897,-0.0015236842,-0.0018664649,-0.001701076,-0.0013046697,-0.001350241,-0.0016968935,-0.0019305983,-0.0014387008,-0.0018332641,-0.0020220503,-0.0017172553,-0.0012656924,-0.0015982214,-0.0014337027,-0.001847924,-0.0015464699,-0.0016021973
13,-0.0016570365,-0.0012900004,-0.0015249952,-0.0018685579,-0.0017031693,-0.0013059806,-0.001351552,-0.0016989863,-0.001932691,-0.0014407939,-0.0018353572,-0.0020241432,-0.0017193484,-0.0012670037,-0.0015995323,-0.0014350137,-0.001850017,-0.0015485632,-0.0016042902,-0.0016570365,-0.0012900004,-0.0015249952,-0.0018685579,-0.0017031693,-0.0013059806,-0.001351552,-0.0016989863,-0.001932691,-0.0014407939,-0.0018353572,-0.0020241432,-0.0017193484,-0.0012670037,-0.0015995323,-0.0014350137,-0.001850017,-0.0015485632,-0.0016042902
14,-0.001657547,-0.0012903676,-0.0015253621,-0.001869069,-0.0017036798,-0.0013063475,-0.0013519186,-0.0016994971,-0.0019332021,-0.0014413043,-0.0018358683,-0.002024654,-0.0017198592,-0.0012673696,-0.0015998989,-0.0014353802,-0.0018505281,-0.0015490741,-0.0016048014,-0.001657547,-0.0012903676,-0.0015253621,-0.001869069,-0.0017036798,-0.0013063475,-0.0013519186,-0.0016994971,-0.0019332021,-0.0014413043,-0.0018358683,-0.002024654,-0.0017198592,-0.0012673696,-0.0015998989,-0.0014353802,-0.0018505281,-0.0015490741,-0.0016048014
15,-0.0016565862,-0.0012898606,-0.0015248555,-0.0018681076,-0.0017027187,-0.0013058409,-0.0013514122,-0.001698536,-0.0019322407,-0.0014403436,-0.0018349069,-0.0020236932,-0.0017188978,-0.0012668639,-0.0015993925,-0.0014348739,-0.0018495664,-0.0015481126,-0.0016038399,-0.0016565862,-0.0012898606,-0.0015248555,-0.0018681076,-0.0017027187,-0.0013058409,-0.0013514122,-0.001698536,-0.0019322407,-0.0014403436,-0.0018349069,-0.0020236932,-0.0017188978,-0.0012668639,-0.0015993925,-0.0014348739,-0.0018495664,-0.0015481126,-0.0016038399
16,-0.0016542152,-0.0012885231,-0.0015235179,-0.0018657362,-0.0017003473,-0.0013045033,-0.0013500744,-0.0016961652,-0.0019298696,-0.0014379722,-0.0018325358,-0.0020213216,-0.0017165267,-0.0012655258,-0.0015980544,-0.0014335364,-0.0018471956,-0.0015457416,-0.0016014689,-0.0016502746,-0.0012860969,-0.0015210914,-0.0018617964,-0.0016964078,-0.0013020769,-0.0013476484,-0.001692225,-0.0019259294,-0.0014340323,-0.0018285962,-0.002017382,-0.0017125872,-0.0012630996,-0.0015956286,-0.0014311096,-0.0018432557,-0.001541802,-0.0015975287
17,-0.0016504794,-0.0012863853,-0.0015213796,-0.001862001,-0.0016966122,-0.001302365,-0.0013479363,-0.0016924292,-0.0019261342,-0.0014342368,-0.0018288004,-0.0020175865,-0.0017127916,-0.0012633877,-0.001595917,-0.0014313981,-0.0018434601,-0.0015420064,-0.0015977335,-0.0016470831,-0.0012843254,-0.0015193197,-0.0018586048,-0.0016932157,-0.0013003051,-0.0013458764,-0.0016890329,-0.0019227379,-0.0014308399,-0.0018254041,-0.0020141902,-0.001709395,-0.0012613281,-0.0015938567,-0.0014293381,-0.0018400636,-0.0015386099,-0.0015943372
18,-0.0016454365,-0.001283484,-0.0015184786,-0.0018569579,-0.0016915691,-0.001299464,-0.0013450354,-0.0016873863,-0.0019210913,-0.0014291933,-0.0018237575,-0.0020125434,-0.0017077484,-0.0012604868,-0.0015930157,-0.0014284971,-0.001838417,-0.0015369633,-0.0015926906,-0.0016426059,-0.0012817899,-0.0015167841,-0.0018541276,-0.0016887385,-0.0012977695,-0.0013433408,-0.0016845557,-0.0019182607,-0.001426363,-0.0018209269,-0.002009713,-0.0017049175,-0.0012587922,-0.0015913215,-0.0014268026,-0.0018355864,-0.0015341326,-0.00158986
19,-0.0016391732,-0.0012798735,-0.0015148681,-0.0018506947,-0.0016853058,-0.0012958535,-0.0013414245,-0.001681123,-0.0019148281,-0.0014229303,-0.0018174943,-0.0020062805,-0.0017014849,-0.0012568759,-0.0015894049,-0.0014248863,-0.0018321538,-0.0015307,-0.0015864273,-0.0016368297,-0.0012784859,-0.0015134806,-0.0018483513,-0.0016829618,-0.001294466,-0.0013400372,-0.0016787794,-0.0019124844,-0.0014205864,-0.0018151506,-0.0020039368,-0.0016991412,-0.001255489,-0.0015880176,-0.001423499,-0.0018298101,-0.0015283563,-0.0015840837
20,-0.001631821,-0.0012756321,-0.0015106263,-0.0018433428,-0.0016779541,-0.0012916118,-0.0013371828,-0.0016737708,-0.0019074759,-0.0014155781,-0.0018101421,-0.0019989284,-0.0016941329,-0.0012526345,-0.0015851634,-0.0014206445,-0.0018248016,-0.0015233478,-0.0015790751,-0.0016222205,-0.001269791,-0.0015047857,-0.0018337419,-0.0016683531,-0.0012857711,-0.0013313424,-0.0016641705,-0.001897875,-0.0014059779,-0.0018005412,-0.0019893276,-0.0016845322,-0.0012467941,-0.0015793227,-0.0014148041,-0.0018152007,-0.0015137473,-0.0015694743
21,-0.0016235528,-0.0012708607,-0.0015058556,-0.0018350744,-0.0016696852,-0.0012868408,-0.001332412,-0.0016655028,-0.0018992072,-0.0014073098,-0.001801874,-0.0019906594,-0.0016858646,-0.0012478632,-0.0015803921,-0.0014158734,-0.0018165332,-0.0015150798,-0.0015708067,-0.001615178,-0.0012658369,-0.0015008312,-0.0018266994,-0.0016613104,-0.0012818166,-0.001327388,-0.0016571278,-0.0018908328,-0.001398935,-0.001793499,-0.0019822845,-0.0016774898,-0.0012428394,-0.0015753686,-0.0014108496,-0.0018081585,-0.0015067044,-0.001562432
22,-0.0016145733,-0.0012656796,-0.0015006742,-0.0018260947,-0.001660706,-0.0012816596,-0.001327231,-0.0016565233,-0.001890228,-0.0013983306,-0.0017928942,-0.0019816803,-0.0016768854,-0.0012426823,-0.001575211,-0.001410692,-0.0018075537,-0.0015061003,-0.0015618274,-0.0016074437,-0.0012614494,-0.001496444,-0.0018189651,-0.0016535765,-0.0012774292,-0.0013230008,-0.0016493934,-0.0018830982,-0.0013912007,-0.0017857647,-0.00197455,-0.0016697556,-0.0012384522,-0.0015709811,-0.0014064622,-0.0018004238,-0.0014989703,-0.0015546974
23,-0.0016051092,-0.0012602177,-0.0014952129,-0.0018166306,-0.0016512414,-0.001276198,-0.0013217697,-0.0016470593,-0.0018807637,-0.0013888662,-0.00178343,-0.0019722157,-0.0016674208,-0.0012372207,-0.0015697493,-0.0014052311,-0.0017980894,-0.0014966356,-0.0015523627,-0.0015903669,-0.001251325,-0.0014863196,-0.0018018883,-0.0016364994,-0.001267305,-0.001312876,-0.0016323164,-0.0018660217,-0.001374124,-0.001768688,-0.0019574733,-0.0016526785,-0.0012283277,-0.0015608564,-0.001396338,-0.0017833473,-0.001481893,-0.0015376204
24,-0.0015953896,-0.0012546083,-0.0014896032,-0.0018069112,-0.0016415223,-0.0012705886,-0.0013161596,-0.0016373396,-0.0018710446,-0.0013791468,-0.0017737105,-0.0019624967,-0.0016577017,-0.0012316116,-0.00156414,-0.001399621,-0.0017883703,-0.0014869166,-0.0015426435,-0.0015711361,-0.0012426683,-0.0014776629,-0.0017826578,-0.0016172691,-0.0012586483,-0.0013042196,-0.0016130861,-0.0018467909,-0.0013548934,-0.0017494571,-0.0019382435,-0.0016334483,-0.0012196713,-0.0015521997,-0.0013876808,-0.0017641166,-0.0014626628,-0.0015183901
25,-0.0015294957,-0.0012277833,-0.0014627778,-0.0017410173,-0.0015756288,-0.0012437633,-0.0012893346,-0.0015714461,-0.0018051502,-0.0013132533,-0.001707817,-0.001896603,-0.0015918082,-0.0012047862,-0.0015373146,-0.0013727957,-0.0017224764,-0.0014210229,-0.0014767498,-0.0013776498,-0.0011689988,-0.0013796273,-0.0015891712,-0.0014237821,-0.0011849791,-0.0012305503,-0.0014195996,-0.0016533043,-0.0011614072,-0.0015559705,-0.0017447567,-0.0014399611,-0.0011460021,-0.0014785307,-0.0013140121,-0.00157063,-0.0012691763,-0.0013249037
26,-0.0013343474,-0.0011531147,-0.0013363254,-0.001545869,-0.0013804805,-0.0011690947,-0.0012146661,-0.0013762974,-0.0016100019,-0.0011181048,-0.0015126687,-0.0017014545,-0.0013966595,-0.0011301175,-0.0014626464,-0.0012981275,-0.0015273285,-0.0012258741,-0.0012816015,-0.0011984112,-0.0011005946,-0.0012003887,-0.0014099326,-0.001244544,-0.0010932541,-0.0011621458,-0.001240361,-0.0014740657,-0.0009821682,-0.0013767323,-0.0015655181,-0.0012607229,-0.0010775971,-0.0014101263,-0.0012456074,-0.0013913917,-0.001089938,-0.0011456653
27,-0.0011504954,-0.0010827201,-0.0011524728,-0.0013620168,-0.0011966282,-0.0010453382,-0.0011442715,-0.0011924454,-0.0014261499,-0.0009342524,-0.0013288166,-0.0015176025,-0.0012128073,-0.0010597226,-0.0013922515,-0.0012277329,-0.0013434759,-0.0010420224,-0.0010977495,-0.0009916559,-0.0009705582,-0.0009936339,-0.0012031778,-0.0010377889,-0.00088649924,-0.0010257295,-0.0010336062,-0.0012673109,-0.0007754138,-0.0011699769,-0.0013587632,-0.0010539683,-0.00093273935,-0.0012399394,-0.0010886639,-0.0011846366,-0.00088318286,-0.00093891023
28,-0.00094567175,-0.0009245738,-0.0009476495,-0.0011571934,-0.0009918049,-0.0008405149,-0.0009797451,-0.0009876218,-0.0012213263,-0.0007294291,-0.0011239931,-0.0013127786,-0.0010079839,-0.00088675437,-0.001193955,-0.0010426798,-0.0011386526,-0.00083719846,-0.0008929261,-0.00082466245,-0.0008035648,-0.0008266406,-0.0010361841,-0.0008707952,-0.000719506,-0.00085873634,-0.00086661306,-0.0011003172,-0.00060842023,-0.0010029838,-0.0011917698,-0.0008869746,-0.00076574547,-0.0010729455,-0.00092167046,-0.0010176431,-0.00071618945,-0.00077191676
29,-0.00077847135,-0.0007573734,-0.00078044937,-0.0009899929,-0.0008246042,-0.0006733148,-0.00081254495,-0.00082042156,-0.001054126,-0.00056222884,-0.0009567922,-0.0011455783,-0.00084078324,-0.00071955443,-0.0010267544,-0.00087547925,-0.0009714517,-0.00066999823,-0.00072572543,-0.00062653347,-0.00060543534,-0.00062851084,-0.00083805516,-0.0006726661,-0.00052137626,-0.0006606066,-0.0006684831,-0.0009021878,-0.00041029064,-0.00080485444,-0.00099364,-0.0006888455,-0.0005676161,-0.00087481644,-0.00072354137,-0.0008195142,-0.0005180602,-0.00057378755
30,-0.00063554314,-0.0006144455,-0.00063752127,-0.00084706483,-0.0006816761,-0.0005303866,-0.0006696166,-0.00067749363,-0.00091119827,-0.00041930078,-0.00081386446,-0.0010026502,-0.0006978553,-0.00057662633,-0.0008838263,-0.0007325513,-0.00082852424,-0.00052707014,-0.0005827975,-0.00048371434,-0.0004626164,-0.00048569232,-0.000695236,-0.0005298471,-0.0003785576,-0.00051778794,-0.00052566454,-0.0007593693,-0.00026747212,-0.0006620355,-0.00085082144,-0.0005460264,-0.00042479738,-0.0007319975,-0.00058072223,-0.00067669526,-0.00037524133,-0.00043096853
31,-0.00051292864,-0.00049183087,-0.0005149065,-0.00072445004,-0.0005590613,-0.00040777176,-0.00054700207,-0.00055487885,-0.0007885836,-0.00029668614,-0.0006912498,-0.00088003546,-0.0005752405,-0.00045401155,-0.0007612115,-0.00060993654,-0.0007059094,-0.00040445535,-0.00046018258,-0.00037005902,-0.00034896118,-0.00037203668,-0.0005815804,-0.0004161915,-0.00026490196,-0.00040413244,-0.00041200905,-0.0006457135,-0.00015381633,-0.00054838,-0.0007371659,-0.00043237075,-0.00031114175,-0.00061834184,-0.00046706706,-0.00056303944,-0.0002615857,-0.00031731292
32,-0.00040770203,-0.00038660405,-0.0004096797,-0.0006192234,-0.0004538345,-0.00030254497,-0.0004417753,-0.0004496519,-0.00068335666,-0.0001914592,-0.00058602286,-0.0007748088,-0.00047001377,-0.0003487846,-0.00065598486,-0.0005047101,-0.00060068246,-0.00029922856,-0.0003549558,-0.0002775152,-0.00025641723,-0.00027949287,-0.0004890367,-0.00032364784,-0.00017235815,-0.0003115885,-0.0003194651,-0.0005531697,-6.127238e-05,-0.00045583636,-0.00064462225,-0.0003398271,-0.00021859794,-0.0005257982,-0.00037452325,-0.00047049596,-0.00016904176,-0.00022476926
33,-0.00031752393,-0.0002964258,-0.00031950144,-0.0005290455,-0.00036365626,-0.00021236672,-0.0003515972,-0.0003594738,-0.0005931784,-0.000101281104,-0.00049584475,-0.00068463053,-0.00037983552,-0.0002586065,-0.00056580664,-0.00041453168,-0.00051050424,-0.00020905033,-0.00026477754,-0.00020094484,-0.00017984703,-0.00020292267,-0.00041246653,-0.0002470775,-9.578779e-05,-0.00023501813,-0.00024289488,-0.00047659976,0.0015297532,-0.00037926584,-0.00056805194,-0.000263257,-0.00014202789,-0.00044922798,-0.00029795273,-0.00039392558,-9.247183e-05,-0.00014819905
34,-0.00024042174,-0.00021932363,-0.00024239927,-0.00045194343,-0.0002865544,-0.0001352647,-0.00027449487,-0.00028237162,-0.0005160764,-2.4178922e-05,-0.00041874274,-0.0006075284,-0.0003027339,-0.00018150448,-0.0004887049,-0.00033742964,-0.00043340249,-0.00013194844,-0.00018767595,-0.00013691858,-0.00011582046,-0.00013889595,-0.0003484401,-0.00018305107,-3.1761378e-05,-0.00017099186,-0.00017886831,-0.00041257322,0.007932425,-0.00031523942,-0.0005040254,-0.00019923015,-7.800117e-05,-0.00038520113,-0.00023392617,-0.00032989887,-2.8445123e-05,-8.417278e-05
35,-0.00017467275,-0.00015357464,-0.00017665014,-0.00038619427,-0.00022080525,-6.9515554e-05,-0.00020874574,-0.0002166225,-0.00045032724,0.0041570365,-0.0003529939,-0.0005417792,-0.00023698463,-0.00011575535,-0.00042295575,-0.00027168065,-0.00036765335,-6.619915e-05,-0.00012192666,-5.914077e-05,-3.8042665e-05,-6.111815e-05,-0.00027066245,-0.00010527342,0.0046016425,-9.321376e-05,-0.00010109052,-0.00033479527,0.01571016,-0.00023746178,-0.0004262474,-0.00012145281,-2.2351742e-07,-0.00030742362,-0.00015614853,-0.0002521214,0.004933223,-6.394684e-06
36,-9.455785e-05,-7.345974e-05,-9.653523e-05,-0.00030607954,-0.00014069065,0.0010599345,-0.00012863115,-0.00013650775,-0.00037021234,0.012168497,-0.00027287885,-0.0004616645,-0.00015686988,-3.5640598e-05,-0.000342841,-0.00019156575,-0.00028753845,0.0013915598,-4.181206e-05,-4.775375e-06,0.0016322583,-6.752908e-06,-0.00021629721,-5.0908326e-05,0.010038167,-3.8848666e-05,-4.6725272e-05,-0.00028042987,0.021146744,-0.00018309652,-0.00037188217,-6.708756e-05,0.005414203,-0.00025305807,-0.00010178342,-0.00019775613,0.010369793,0.0047970116
37,-3.7819744e-05,-1.6721784e-05,-3.9797276e-05,-0.00024934128,-8.395269e-05,0.0067337304,-7.189303e-05,-7.976964e-05,-0.00031347424,0.017842308,-0.00021614089,-0.0004049267,-0.000100131925,0.0021097362,-0.00028610288,-0.00013482764,-0.0002308005,0.0070653856,0.0014925897,0.0037572086,0.0058670193,0.0035594553,-0.0001739496,-8.560717e-06,0.014272913,0.00034989417,-4.377961e-06,-0.00023808255,0.025381431,-0.00014074892,-0.00032953455,-2.4739951e-05,0.009648934,-0.0002107109,-5.9435813e-05,-0.00015540868,0.014604494,0.009031773
38,0.0043172687,0.0064270794,0.0041195154,-0.00016834885,-2.9599667e-06,0.014833003,0.0009099543,0.00012227893,-0.00023248166,0.025941566,-0.00013514847,-0.00032393396,-1.91392e-05,0.010209009,-0.00020510971,-5.383506e-05,-0.00014980778,0.015164629,0.009591892,0.007109329,0.009219155,0.0069115907,-0.00014042795,0.0024960786,0.017625064,0.0037020296,0.0029143542,-0.0002045612,0.028733611,-0.000107227264,-0.0002960135,0.00087817013,0.013001069,-0.0001771894,-2.5914162e-05,-0.00012188718,0.017956674,0.012383953
39,0.009259343,0.011369169,0.009061605,-0.0001189281,0.0046460778,0.019775078,0.0058520436,0.005064383,-0.00018306091,0.030883625,-8.572757e-05,-0.00027451306,0.0030281395,0.0151510835,-0.00015568941,-4.41432e-06,-0.00010038718,0.020106703,0.014533952,0.009796664,0.01190649,0.009598926,-0.0001135546,0.0051834285,0.020312384,0.0063893646,0.005601689,-0.00017768785,0.03142096,-8.035406e-05,-0.00026914015,0.0035655051,0.015688404,-0.0001503159,9.590387e-05,-9.501383e-05,0.020644039,0.015071288
40,0.016383454,0.01849328,0.01618573,-4.7686844e-05,0.0117702335,0.026899189,0.012976155,0.012188494,-0.0001118198,0.03800775,-1.4485866e-05,-0.0002032718,0.01015231,0.02227521,-8.4447856e-05,0.006682709,-2.9145627e-05,0.027230829,0.021658108,0.011974379,0.014084205,0.011776641,-9.1777445e-05,0.007361144,0.0224901,0.00856708,0.0077793747,-0.0001559107,0.03359866,-5.8577058e-05,-0.000247363,0.0057432055,0.01786612,-0.0001285389,0.002273634,-7.3236675e-05,0.02282174,0.017249003
41,0.020308346,0.022418156,0.020110592,-8.438378e-06,0.015695065,0.030824065,0.016901031,0.016113356,-7.257119e-05,0.041932598,0.0024762303,-0.00016402334,0.014077127,0.026200056,-4.5199544e-05,0.0106075555,0.0010102838,0.03115566,0.025582924,0.013755828,0.015865639,0.013558075,-7.3963405e-05,0.009142593,0.024271548,0.010348514,0.009560838,-0.0001380962,0.03538011,-4.0762425e-05,-0.00022954836,0.0075246394,0.019647583,-0.00011072442,0.004055053,-5.5422035e-05,0.024603188,0.019030437
42,0.022837639,0.024947435,0.022639886,0.0016854852,0.018224359,0.033353344,0.01943031,0.018642649,-4.7278256e-05,0.04446189,0.0050055236,-0.00013873055,0.01660642,0.028729334,-1.9906609e-05,0.013136834,0.0035395622,0.03368497,0.028112203,0.016338706,0.018448547,0.016140983,-4.813403e-05,0.01172547,0.026854455,0.012931421,0.012143731,-0.00011226743,0.037962988,-1.49334965e-05,-0.00020371944,0.010107532,0.022230461,-8.489549e-05,0.0066379607,-2.9593259e-05,0.027186066,0.021613345
43,0.030432329,0.032542154,0.030234605,0.009280175,0.025819078,0.040948056,0.027025029,0.026237383,0.002866894,0.052056603,0.012600258,-6.278321e-05,0.024201125,0.036324054,0.0056040585,0.020731553,0.011411265,0.041279666,0.035706922,0.01802069,0.02013047,0.017822921,-3.131509e-05,0.013407394,0.02853638,0.01461333,0.013825685,-9.54479e-05,0.039644912,0.00018854439,-0.00018690035,0.011789456,0.0239124,-6.80761e-05,0.00831987,-1.277402e-05,0.02886802,0.023295254
44,0.033798307,0.035908118,0.033600554,0.012646154,0.029185042,0.04431402,0.030390993,0.029603332,0.0062328726,0.055422574,0.015966207,-2.9123574e-05,0.027567089,0.039690018,0.008970007,0.024097517,0.015230641,0.04464563,0.039072886,0.019293219,0.021403015,0.01909545,-1.8589793e-05,0.014679953,0.029808924,0.01588589,0.015098214,-8.2722305e-05,0.04091747,0.0014611334,-0.00017417475,0.013062015,0.02518496,-5.535066e-05,0.009592429,-4.8428774e-08,0.030140549,0.024567828
45,0.041150354,0.043260142,0.04095258,0.019998178,0.03653708,0.05166603,0.037743017,0.03695537,0.013584897,0.0627746,0.023318231,0.004439667,0.034919143,0.047042042,0.016322061,0.03144954,0.023934767,0.051997676,0.04642494,0.020276561,0.022386372,0.020078823,-8.756071e-06,0.015663281,0.030792281,0.016869232,0.016081601,-7.288888e-05,0.041900814,0.002444446,-0.00016434118,0.014045343,0.026168257,-4.5517234e-05,0.010575771,0.0009784847,0.031123877,0.02555114
46,0.04416679,0.046276584,0.043969028,0.023014635,0.039553523,0.054682493,0.04075946,0.03997183,0.016601354,0.06579107,0.026334703,0.007456124,0.037935585,0.050058506,0.019338533,0.034465984,0.027332589,0.05501414,0.04944139,0.021053627,0.023163453,0.020855889,-9.849667e-07,0.016440377,0.03156936,0.017646328,0.016858667,-6.511792e-05,0.04267791,0.0032215863,-0.00015657023,0.014822453,0.026945397,-3.774598e-05,0.011352867,0.0017555803,0.031901002,0.02632825
47,0.051519156,0.05362895,0.051321402,0.030367017,0.046905898,0.06203486,0.048111826,0.04732418,0.02395372,0.07314345,0.0336871,0.014808476,0.045287944,0.057410873,0.02669087,0.041818358,0.036053836,0.062366508,0.056793757,0.021683335,0.023793116,0.021485552,0.0005311668,0.01707004,0.032199025,0.018275991,0.017488346,-5.882129e-05,0.043307602,0.0038512647,-0.00015027358,0.015452132,0.02757506,-3.1449348e-05,0.01198253,0.0023852587,0.03253068,0.02695793
48,0.054239392,0.056349188,0.05404163,0.033087224,0.049626164,0.06475509,0.05083207,0.050044402,0.026896924,0.07586367,0.03640732,0.017528728,0.048008196,0.060131125,0.029411122,0.044538602,0.039094105,0.065086745,0.059513986,0.02274391,0.024853706,0.022546142,0.001591742,0.01813063,0.033259615,0.019336566,0.018548906,-4.821539e-05,0.044368178,0.0049117953,-0.00013966768,0.016512722,0.028635621,-2.0843892e-05,0.013043106,0.0034458488,0.03359124,0.02801852
49,0.0552255,0.057335302,0.05502774,0.034073353,0.050612226,0.06574121,0.051818177,0.051030517,0.02792576,0.07684979,0.037393406,0.018514842,0.04899431,0.06111721,0.030397207,0.0455247,0.040122926,0.06607284,0.0605001,0.023425162,0.025534928,0.023227394,0.0022730082,0.018811867,0.03394085,0.020017818,0.019230172,-4.1403175e-05,0.045049414,0.0055930465,-0.00013285517,0.017193943,0.029316843,-1.4031529e-05,0.013724327,0.0041270703,0.034272462,0.028699726
50,0.060773358,0.06288323,0.06057565,0.039621264,0.056160137,0.071289085,0.05736608,0.056578405,0.03522697,0.082397655,0.042941324,0.024062693,0.054542206,0.06666512,0.035945117,0.051072627,0.04742416,0.07162071,0.066048,0.023955315,0.026065096,0.023757532,0.0028031468,0.019342065,0.034471005,0.020547986,0.01976031,-3.610149e-05,0.045579605,0.00612323,-0.00012755363,0.017724156,0.02984704,-8.7295475e-06,0.01425451,0.0046572685,0.03480266,0.029229939
51,0.07600067,0.078110486,0.07580293,0.054848537,0.071387425,0.08651638,0.07259334,0.071805686,0.05470731,0.09762495,0.059988044,0.039289996,0.0697695,0.0818924,0.051172405,0.06629991,0.06690451,0.086848006,0.08499246,0.026129574,0.028239384,0.025931805,0.004977405,0.021516308,0.03664528,0.02272223,0.021934584,-1.4358609e-05,0.047753863,0.008297503,-0.0001058112,0.01989837,0.032021284,0.0013012886,0.016428784,0.006831512,0.03697692,0.031404197
52,0.08568527,0.08766064,0.085353084,0.064398706,0.080937564,0.09606655,0.08214352,0.08135588,0.06701861,0.10717513,0.07229939,0.04884018,0.07931967,0.091442585,0.060722575,0.07585006,0.07921577,0.0963982,0.09730372,0.027253643,0.029363438,0.027055874,0.006101489,0.022640407,0.037769333,0.023846313,0.023058623,-3.118217e-06,0.048877917,0.009421542,-9.457052e-05,0.021022454,0.033145353,0.0024253577,0.017552838,0.007955596,0.038100958,0.032528237
53,0.11408644,0.110012606,0.107705064,0.08675067,0.10328954,0.11841851,0.104495496,0.103707835,0.095419794,0.12952709,0.100700565,0.07119214,0.105620936,0.11379455,0.08307454,0.09820204,0.10761696,0.11875017,0.1257049,0.030487955,0.03259775,0.030290172,0.009335756,0.025874704,0.041003644,0.02708061,0.02629295,0.0029224753,0.05211222,0.012655869,-6.222725e-05,0.024256766,0.03637968,0.0056596696,0.02078715,0.011189908,0.041335292,0.03576258
54,0.15790735,0.1446518,0.14234422,0.12336418,0.13792871,0.15305768,0.13913466,0.1443418,0.1392407,0.1644518,0.14452147,0.10837537,0.14944187,0.14843372,0.11771372,0.13284121,0.15143786,0.15338932,0.16952583,0.032091856,0.034201667,0.031894088,0.0109396875,0.02747859,0.04260753,0.028684512,0.027896866,0.0045263916,0.05371611,0.0142597705,-4.6188532e-05,0.025860682,0.03798358,0.007263556,0.022391066,0.012793824,0.04293918,0.037366465
55,0.18408251,0.16526183,0.16295429,0.1495393,0.15866478,0.17366773,0.1597447,0.17051694,0.16541587,0.19062692,0.17069659,0.13455051,0.17561701,0.16904375,0.13832375,0.15345126,0.178408,0.1764625,0.19570099,0.03309469,0.03520453,0.03289695,0.01194258,0.028481454,0.04361041,0.029687375,0.0288997,0.00552924,0.05471897,0.015262619,-3.616005e-05,0.02686353,0.038986415,0.008266404,0.023393929,0.013880804,0.043942027,0.038369313
56,0.2019615,0.17916532,0.17685777,0.16741829,0.17654376,0.1875712,0.1736482,0.18839595,0.1878036,0.20850593,0.1885756,0.15242952,0.19349599,0.18294722,0.15222724,0.16735472,0.20095609,0.19434151,0.21357998,0.034920022,0.037029833,0.03472224,0.013767853,0.030306771,0.045435727,0.031512678,0.030725017,0.0073545575,0.056544304,0.017087936,-1.7906576e-05,0.028688863,0.040811755,0.010091752,0.025219232,0.01601477,0.04576736,0.0401946
57,0.23799416,0.20743601,0.20512843,0.20345098,0.2125764,0.2158419,0.20191887,0.22442861,0.2307964,0.24453858,0.23010162,0.1884622,0.22952867,0.21121792,0.18049791,0.19562541,0.2439489,0.23037419,0.2520853,0.035832837,0.037942648,0.03563507,0.014680684,0.031219602,0.046348535,0.032425508,0.031637862,0.008267388,0.05745711,0.018000782,-8.778274e-06,0.029601663,0.04172457,0.011004552,0.026132062,0.017035082,0.046680197,0.04110749
58,0.26122934,0.22295028,0.2206427,0.22327492,0.23240036,0.23135617,0.21743312,0.24425252,0.25532323,0.26436254,0.25462842,0.20828614,0.25044006,0.2267322,0.19601217,0.21113968,0.26847574,0.25019813,0.2766121,0.04350733,0.045617178,0.043309584,0.022355214,0.038894102,0.054023042,0.040100038,0.039312348,0.015941903,0.06513161,0.025675267,0.006796658,0.037276164,0.04939907,0.018679053,0.033806577,0.026833326,0.05435469,0.048781976
59,0.27740467,0.23260954,0.23148508,0.2357873,0.24491274,0.24101543,0.22709239,0.25676492,0.27149856,0.2768749,0.27080378,0.22079852,0.2666154,0.23639145,0.20567144,0.22079894,0.28465107,0.2627105,0.2927875,0.049391195,0.051501006,0.049193427,0.028239027,0.044777922,0.059906878,0.04598385,0.045196183,0.0222044,0.07101548,0.031559065,0.012680486,0.043159984,0.05528289,0.02456288,0.039690405,0.034401566,0.060238488,0.054665804
60,0.30518377,0.25059682,0.2545028,0.26227582,0.26793048,0.25900272,0.24507967,0.28414655,0.29927766,0.30152577,0.29858288,0.24785435,0.2943945,0.25437874,0.22365873,0.23878622,0.3124302,0.28572825,0.3205666,0.05434739,0.056457177,0.054149628,0.033195198,0.0497341,0.06486309,0.05094005,0.05015239,0.02863489,0.07597166,0.03651531,0.017636687,0.048116185,0.0602391,0.02951911,0.044646583,0.040832043,0.065194726,0.05962196
61,0.34365487,0.2763933,0.28726962,0.30074692,0.30069727,0.2912238,0.27087614,0.32261765,0.33774877,0.33999687,0.33705395,0.28632545,0.3328656,0.28017518,0.24945518,0.26458266,0.35090128,0.31849504,0.35903767,0.06321268,0.06532248,0.06301493,0.04206051,0.058599398,0.07372838,0.05980535,0.059017703,0.03994839,0.084836975,0.045380563,0.026502013,0.05698148,0.069104396,0.038384393,0.053511888,0.052145556,0.07405999,0.070233494
62,0.36320275,0.29068422,0.30344146,0.3202948,0.31926268,0.3073956,0.28374174,0.34216553,0.35729668,0.35954478,0.35660183,0.30587333,0.35241348,0.2959928,0.26220545,0.27733296,0.37044916,0.33475128,0.37858558,0.06969426,0.07180404,0.0694965,0.04854209,0.06508098,0.08020996,0.066286914,0.06549926,0.04826919,0.09131855,0.053549893,0.032983556,0.063463055,0.07558595,0.04486596,0.059993446,0.060466357,0.08054159,0.07855427
63,0.37463886,0.29969046,0.3124477,0.3317309,0.3306988,0.31640184,0.29274797,0.35360163,0.36873275,0.37098086,0.36803794,0.31730944,0.36384958,0.304999,0.2692161,0.28569353,0.38188523,0.34618735,0.39002165,0.075071625,0.07718144,0.07487388,0.053919464,0.07045835,0.08558735,0.07166432,0.07087664,0.055235513,0.09669591,0.06051623,0.038360953,0.06884041,0.08096335,0.050243348,0.06537083,0.06743268,0.08591894,0.085520625
64,0.38050494,0.30383867,0.3165959,0.33759698,0.33656487,0.32055008,0.29689622,0.3594677,0.37459886,0.37684694,0.37390402,0.3231755,0.36971563,0.30914724,0.27234998,0.28984177,0.38775134,0.35205346,0.39588773,0.07987004,0.08175301,0.07944546,0.058491044,0.07502993,0.09015892,0.07623588,0.07544821,0.061203383,0.10126748,0.06648413,0.042932548,0.07341201,0.08553492,0.054814935,0.06994241,0.07340054,0.09049054,0.09148848
65,0.3961364,0.31688187,0.3296391,0.35322842,0.35219634,0.33359328,0.30993938,0.37509918,0.3902303,0.3924784,0.3895355,0.33880696,0.3853471,0.3221904,0.28484303,0.30288497,0.40338278,0.3676849,0.41151923,0.08697593,0.08723907,0.08493149,0.0639771,0.08051598,0.09564497,0.08172193,0.08093427,0.068309285,0.10675352,0.07359004,0.048418596,0.07889806,0.09102097,0.060300983,0.07542847,0.080506444,0.095976576,0.098594375
66,0.40160534,0.32106698,0.33382422,0.35869735,0.35766524,0.33777833,0.3141245,0.3805681,0.39569923,0.39794737,0.3950044,0.3442759,0.39081603,0.32637554,0.2890281,0.30707008,0.4088517,0.3731538,0.41698813,0.09273735,0.09165986,0.08935229,0.06839792,0.0849368,0.10006575,0.08614271,0.08535506,0.074070714,0.111174315,0.07935146,0.05283939,0.08427188,0.09544177,0.06472177,0.07984928,0.08626791,0.10039738,0.104355864
67,0.40329975,0.32190084,0.33465806,0.36039177,0.35935965,0.33861226,0.31495833,0.3822625,0.3973936,0.39964172,0.39669883,0.3459703,0.3925104,0.3272094,0.28986204,0.30790395,0.41054612,0.37484825,0.41868255,0.09777242,0.09550003,0.093192466,0.07223805,0.08877696,0.10390592,0.089982904,0.08919522,0.07910578,0.115014486,0.084386475,0.056679554,0.08930689,0.099281944,0.06856194,0.083689414,0.09130294,0.10423754,0.10939087
68,0.40248328,0.32053062,0.33328786,0.3595754,0.35854322,0.337242,0.31358814,0.3814461,0.3965772,0.39882535,0.3958824,0.34515387,0.391694,0.3258392,0.2884918,0.3065337,0.40972972,0.37403184,0.41786614,0.10225425,0.09890272,0.09659515,0.075640745,0.09217965,0.107308626,0.093385585,0.092597924,0.0835876,0.118417196,0.08886836,0.060082264,0.09378872,0.102684624,0.07196465,0.08709212,0.09578476,0.107640274,0.11387268
69,0.39998928,0.31770882,0.33046606,0.3570813,0.35604918,0.3344202,0.31076634,0.37895203,0.39408314,0.39633128,0.39338836,0.34265983,0.38919997,0.32301736,0.28566998,0.3037119,0.40723562,0.37153774,0.41537207,0.11060401,0.10541449,0.10310691,0.08215252,0.09869138,0.11382036,0.099897355,0.09910968,0.09193736,0.12492892,0.097218126,0.06659398,0.10213855,0.109196395,0.078476384,0.09360391,0.10413457,0.11415197,0.12222251
70,0.3964063,0.31396508,0.32672235,0.3534983,0.3524662,0.3306765,0.30702263,0.375369,0.3905002,0.3927483,0.38980538,0.33907688,0.38561702,0.31927365,0.28192627,0.29996818,0.40365267,0.3679548,0.41178912,0.116907306,0.11030817,0.10800058,0.087046176,0.103585064,0.11871405,0.104791015,0.10400337,0.098240666,0.12982263,0.10352141,0.07148768,0.10844181,0.11409008,0.083370075,0.09849757,0.110437825,0.11904569,0.12852573
71,0.4140908,0.32959157,0.3423488,0.37118286,0.37015074,0.346303,0.3226491,0.3930536,0.40818474,0.41043282,0.40748993,0.3567614,0.40330157,0.33490014,0.29755276,0.31559467,0.42133722,0.38563937,0.42947364,0.12233731,0.114493564,0.112186,0.0912316,0.10777049,0.12289946,0.10897644,0.108771734,0.10367068,0.13400802,0.10895139,0.0756731,0.11387181,0.11827547,0.087555476,0.10268296,0.11586785,0.12323108,0.13395579
72,0.41929588,0.33422545,0.34698272,0.3763879,0.37535578,0.35093686,0.32728297,0.3982586,0.41338974,0.41563785,0.41269493,0.36196643,0.40850657,0.33953404,0.30218667,0.32022855,0.42654222,0.39084437,0.43467867,0.13027443,0.12068769,0.11838012,0.09742571,0.11396463,0.12909359,0.11517055,0.11670886,0.11167225,0.14020216,0.11688854,0.08186721,0.12180892,0.12446961,0.093749605,0.10887709,0.12482475,0.12942523,0.14189292
73,0.44477296,0.3570394,0.3712622,0.40186504,0.4008329,0.3737508,0.3500969,0.42373574,0.43886685,0.44111496,0.43817204,0.38744354,0.43398368,0.36234796,0.32500058,0.3430425,0.45201936,0.4163215,0.46015579,0.13645907,0.12549151,0.12318394,0.10222956,0.11876843,0.13389742,0.11997439,0.12289349,0.11945516,0.14500599,0.12307317,0.08692709,0.12799354,0.12927343,0.09855344,0.11368092,0.13260765,0.13422906,0.1480775
74,0.45516413,0.36645043,0.38165337,0.41225618,0.41122407,0.3831618,0.35950798,0.43412694,0.4492581,0.45150617,0.44856325,0.39783472,0.44437486,0.371759,0.33441162,0.35245353,0.46241057,0.42671266,0.47054696,0.14181738,0.12962626,0.1273187,0.10727421,0.12290318,0.13803212,0.12410912,0.12825182,0.12631482,0.14914072,0.1284315,0.092285395,0.1333519,0.13340816,0.10268815,0.11781567,0.13946736,0.13836375,0.1534358
75,0.48232841,0.3906765,0.40881765,0.4394205,0.43838838,0.40945274,0.38373402,0.46129125,0.47642234,0.47867042,0.47572753,0.424999,0.47153917,0.39598507,0.35863766,0.3766796,0.48957485,0.45387697,0.49771124,0.15046713,0.13639964,0.13409205,0.115923926,0.12967652,0.14480552,0.1308825,0.13690156,0.13680482,0.15701154,0.13708122,0.100935146,0.1420016,0.14018153,0.109461546,0.124589026,0.14995733,0.14513712,0.16208553
76,0.49474537,0.40181777,0.42123464,0.45183745,0.45080534,0.4218697,0.3948753,0.47370818,0.48883933,0.4910874,0.48814452,0.437416,0.48395613,0.4071263,0.36977893,0.38782084,0.5019918,0.46629393,0.5101282,0.15709917,0.14157474,0.13926716,0.12255594,0.13485163,0.1499806,0.13605759,0.14353359,0.14504352,0.16364358,0.14434873,0.10756719,0.14863363,0.14535664,0.11463666,0.12976412,0.15819602,0.15031219,0.16871758
77,0.50258005,0.40870553,0.42906928,0.45967212,0.45863998,0.42970434,0.40176308,0.4815428,0.49667394,0.49892208,0.49597913,0.4452506,0.49179077,0.41401413,0.37666675,0.39470866,0.5098264,0.47412857,0.5179629,0.16283402,0.14602125,0.14371368,0.1282908,0.13929814,0.15442713,0.1405041,0.14926842,0.15228935,0.16937846,0.1515945,0.11330204,0.15436849,0.14980315,0.11908315,0.13421065,0.16544184,0.15521397,0.17445244
78,0.5214089,0.42525858,0.4478981,0.47850096,0.47746885,0.4485332,0.4183161,0.5003717,0.5155028,0.5177509,0.514808,0.46407944,0.51061964,0.4306901,0.39321974,0.41126165,0.5286553,0.4929574,0.5367917,0.17697316,0.15720193,0.15489435,0.14242996,0.1515554,0.16560781,0.15168478,0.16340758,0.16884261,0.18351756,0.16814777,0.12744117,0.16850765,0.16098383,0.1302638,0.14539133,0.18199511,0.16935317,0.19013149
79,0.53030944,0.43309483,0.45679867,0.48740152,0.48636937,0.45743373,0.42615235,0.5092722,0.5244034,0.52665144,0.5237086,0.47298002,0.51952016,0.4395907,0.401056,0.41984814,0.5375558,0.501858,0.5456922,0.18699858,0.16512796,0.1628204,0.15245537,0.16158079,0.17353386,0.15961084,0.173433,0.18084028,0.19354299,0.18014549,0.13746661,0.17853306,0.16890988,0.13818988,0.15331736,0.19399278,0.1793786,0.20212923
80,0.5361166,0.43811625,0.4626058,0.49320865,0.49217653,0.4632409,0.43140805,0.5150794,0.5302105,0.53245866,0.5295157,0.47878712,0.5253273,0.44539782,0.4064751,0.42565525,0.543363,0.50766516,0.5514994,0.19702688,0.17174052,0.16943294,0.16087858,0.17000403,0.18014641,0.16622338,0.18185624,0.19112079,0.20196623,0.19042598,0.14588983,0.18695629,0.17552242,0.14480244,0.1599299,0.2042733,0.18780178,0.21240966
81,0.53984797,0.44174454,0.46633717,0.49694,0.49590787,0.46697226,0.43513942,0.51881075,0.53394186,0.5361899,0.53324705,0.48251852,0.5290587,0.4491292,0.41020644,0.42938665,0.54709435,0.51139647,0.55523074,0.20600262,0.1773931,0.1750855,0.1681206,0.17724605,0.18579899,0.17187595,0.18909822,0.20009655,0.2092082,0.19940172,0.1531318,0.19521336,0.181175,0.150455,0.1655825,0.21324903,0.1950438,0.22138545
82,0.5604149,0.46231148,0.48690414,0.51750696,0.51647484,0.48753923,0.45570636,0.5393777,0.5545088,0.556757,0.553814,0.5030855,0.54962564,0.46969613,0.4307734,0.44995356,0.5676613,0.53196347,0.5757977,0.22915837,0.19330923,0.19100167,0.18818167,0.19730714,0.20171514,0.1877921,0.20915931,0.22325225,0.2292693,0.22255746,0.1731929,0.21836908,0.19709113,0.16637115,0.18149863,0.23640475,0.21510491,0.24454114
83,0.57030064,0.4721972,0.49678984,0.52739275,0.52636063,0.49742493,0.46559212,0.5492634,0.5643946,0.56664264,0.5636997,0.5129712,0.55951136,0.4795819,0.44065917,0.4598393,0.577547,0.54184914,0.58568347,0.24527441,0.20423904,0.20193148,0.20236646,0.21104795,0.21264493,0.19872192,0.22423722,0.23936835,0.24301013,0.23867351,0.18794501,0.23448513,0.20802096,0.17730096,0.19242845,0.25252086,0.22884569,0.26065722
84,0.5776999,0.47959647,0.50418913,0.53479207,0.5337599,0.5048243,0.47299138,0.55666274,0.57179385,0.57404196,0.57109904,0.5203705,0.5669107,0.48698118,0.4480585,0.4672386,0.58494633,0.54924846,0.5930827,0.25886577,0.21324416,0.21093659,0.2159578,0.22243813,0.22165003,0.20772702,0.23782858,0.2529597,0.2552078,0.2522649,0.20153634,0.2480765,0.21702607,0.18630606,0.20143354,0.26611218,0.24023587,0.27424857
85,0.5994202,0.5013168,0.5259094,0.55651236,0.5554802,0.5265446,0.4947117,0.57838297,0.5935141,0.59576225,0.59281933,0.5420908,0.588631,0.5087015,0.4697788,0.48895893,0.6066667,0.57096875,0.6148031,0.27056485,0.22085923,0.21868885,0.22765692,0.23211649,0.22926512,0.21534209,0.2495277,0.26465875,0.26690692,0.26396397,0.21323547,0.2597756,0.22464116,0.19392113,0.20904863,0.27781126,0.24991423,0.28594765
86,0.6124769,0.51263964,0.5389662,0.569569,0.5685369,0.5396012,0.50776833,0.5914397,0.6065708,0.60881895,0.60587597,0.55514747,0.6016876,0.5177984,0.48283544,0.5020156,0.6197233,0.58402544,0.6278597,0.2808111,0.22744766,0.22709078,0.23790312,0.24051842,0.23585355,0.22193053,0.25977388,0.274905,0.27715307,0.2742102,0.22348167,0.2700218,0.23122957,0.20050956,0.21563706,0.2880575,0.2583162,0.2961939
87,0.63619196,0.52796376,0.5626812,0.5932841,0.59225196,0.5550418,0.5274477,0.6151548,0.63028586,0.632534,0.6295911,0.57886255,0.62540275,0.53312254,0.50655055,0.5257307,0.64343834,0.6077405,0.65157485,0.2899484,0.23328279,0.23454708,0.24704042,0.24797472,0.24168867,0.22776565,0.26891118,0.2840423,0.2862904,0.28334752,0.23261899,0.27915913,0.23706469,0.2063447,0.22147217,0.29719478,0.2657725,0.30533117
88,0.65603983,0.540805,0.58252907,0.6131319,0.61209977,0.5678831,0.540289,0.6350026,0.6501337,0.65238184,0.6494389,0.5987104,0.64525056,0.5459639,0.52639836,0.54282486,0.6632862,0.62758833,0.67142266,0.29825217,0.23857544,0.24131519,0.2553442,0.25474283,0.24698135,0.2330583,0.27721494,0.29234606,0.29459417,0.29165125,0.24092276,0.2874629,0.24235734,0.21163735,0.22676484,0.30549854,0.27254063,0.31363493
89,0.6794001,0.55594945,0.6042875,0.6364922,0.6354601,0.5830275,0.5554334,0.6583629,0.673494,0.67574215,0.6727992,0.62207067,0.6686108,0.5611083,0.5497587,0.5579693,0.68664646,0.65094864,0.694783,0.30594656,0.2434921,0.24760002,0.2630386,0.26200652,0.251898,0.23797497,0.2849094,0.30004048,0.3022886,0.29934567,0.24861714,0.29515725,0.24727401,0.21655399,0.23168151,0.31319296,0.27882543,0.32132936
90,0.70631236,0.5734118,0.6217499,0.6634044,0.66237223,0.60048985,0.57289577,0.6852751,0.7004062,0.6996653,0.6997114,0.6489829,0.6955231,0.5785706,0.57251155,0.5754316,0.71355873,0.67786086,0.7216952,0.3132171,0.2481667,0.2535676,0.27030915,0.26927704,0.25752175,0.24264956,0.29217994,0.30731106,0.30955914,0.30661625,0.2558877,0.30242783,0.2519486,0.22122858,0.2363561,0.32046354,0.28479302,0.32859993
91,0.73069465,0.5892255,0.6375636,0.68778676,0.6867546,0.6163035,0.5887095,0.70965743,0.72478855,0.71547896,0.72409374,0.67336524,0.71990544,0.5943843,0.58832526,0.5912453,0.7379411,0.6948835,0.7460775,0.33272487,0.26181534,0.2707334,0.28981692,0.2887848,0.27468753,0.2562982,0.31168768,0.3268188,0.32906687,0.32612395,0.27539545,0.3219356,0.26559725,0.23487723,0.25000474,0.33997127,0.3042734,0.3481077
92,0.76138455,0.60905755,0.6573956,0.7184766,0.7174445,0.6361356,0.6085415,0.7403473,0.75547844,0.73531103,0.75478363,0.70405513,0.75059533,0.61421645,0.60815734,0.6110774,0.7686309,0.71471566,0.7767674,0.3464355,0.27145833,0.28277606,0.30352756,0.30249542,0.28673023,0.26594117,0.3253983,0.34052938,0.34277752,0.33983463,0.2891061,0.3356462,0.27532738,0.24452023,0.25964773,0.35368192,0.31798404,0.36181828
93,0.78090864,0.6216573,0.66999537,0.73800075,0.7312134,0.6487354,0.6211413,0.7598715,0.77500254,0.7479108,0.7743078,0.7235792,0.7701194,0.62681615,0.6207571,0.62367713,0.7881551,0.72731537,0.79629153,0.35862625,0.28064045,0.29339767,0.3157183,0.31468618,0.29735184,0.27441746,0.33758903,0.35272014,0.35496825,0.3520254,0.30129686,0.347837,0.28594902,0.2529965,0.26812398,0.36587265,0.33017477,0.37400904
94,0.80455935,0.63690066,0.6852387,0.7616514,0.7464566,0.6639787,0.6363846,0.7835221,0.79865324,0.7631541,0.79795843,0.74722993,0.79377013,0.64205945,0.6360004,0.6389205,0.8118057,0.7425587,0.8199422,0.36980784,0.2903453,0.30310252,0.32689992,0.3258678,0.30705667,0.2834028,0.34877065,0.36390176,0.3661499,0.36320692,0.31247842,0.35901856,0.29565382,0.26072422,0.27634838,0.37705427,0.34135637,0.38519067
95,0.81862366,0.6459517,0.69428974,0.77571577,0.7555077,0.6730297,0.64543563,0.794942,0.81271756,0.7722051,0.81202275,0.76129425,0.8078344,0.65111053,0.6450515,0.6479715,0.8258701,0.75160974,0.83400655,0.38032398,0.2994693,0.31222653,0.337416,0.33638394,0.31618068,0.29252684,0.3592868,0.37441787,0.376666,0.37372306,0.32299453,0.36953467,0.30477786,0.26798183,0.2854724,0.38757038,0.3518725,0.39570677
96,0.83523726,0.6576449,0.705983,0.7938758,0.76720095,0.684723,0.6571289,0.80663526,0.83087766,0.78389835,0.83018285,0.77945435,0.8259945,0.66280377,0.65674466,0.65966475,0.8440302,0.763303,0.85177445,0.39044315,0.30826843,0.32102567,0.3475352,0.34650308,0.32497984,0.30132595,0.36940593,0.38453704,0.38678518,0.3838423,0.33311373,0.37965387,0.313577,0.27622962,0.29427153,0.39768952,0.3619917,0.40582597
97,0.84178656,0.66419417,0.7125322,0.8040632,0.77375025,0.6912722,0.66367817,0.81318456,0.84106505,0.79044765,0.8403702,0.7896416,0.83560824,0.669353,0.66329396,0.666214,0.85421747,0.7698522,0.85832363,0.4123454,0.32780322,0.34056047,0.36943746,0.36840534,0.3445146,0.32086074,0.39130822,0.40643933,0.40868747,0.40574455,0.355016,0.40155613,0.33311176,0.2957644,0.3138063,0.4195918,0.38389403,0.4277283
98,0.8443654,0.666773,0.71511114,0.80807984,0.7763291,0.6938511,0.666257,0.8157634,0.8450816,0.7930265,0.8443869,0.7936584,0.8381871,0.6719319,0.6658728,0.66879284,0.85823417,0.7724311,0.8609026,0.42807728,0.34190315,0.3546604,0.38516936,0.3841372,0.35861453,0.33496067,0.40704006,0.42217115,0.4244193,0.42147636,0.37074786,0.41728798,0.34721172,0.30986434,0.32790625,0.4353237,0.39962584,0.44346014
99,0.85214335,0.67455095,0.722889,0.81947744,0.784107,0.701629,0.6740349,0.8235412,0.8571552,0.8008044,0.8564604,0.80573183,0.84596497,0.67970973,0.6736507,0.6765708,0.8703077,0.780209,0.8686804,0.44241196,0.35468006,0.3689012,0.39950407,0.3984719,0.37139142,0.34773755,0.42137477,0.4365059,0.43875402,0.43581104,0.3850825,0.43162268,0.35998863,0.3226412,0.34068313,0.44965836,0.41396052,0.45779482
100,0.8549897,0.6773974,0.7257354,0.82232386,0.7869534,0.7044754,0.6768814,0.8263877,0.8615892,0.80365086,0.8608943,0.8101659,0.8488114,0.6825562,0.67649716,0.6794172,0.8747417,0.7830554,0.8715269,0.45588505,0.36665404,0.3823743,0.4129771,0.411945,0.38336545,0.35971156,0.43484786,0.449979,0.4522271,0.44928414,0.39855564,0.44509578,0.3719626,0.3346152,0.35265714,0.46313146,0.42743364,0.47126794
101,0.85430753,0.6767152,0.72505325,0.8216417,0.7862712,0.7037932,0.67619914,0.8257055,0.8605373,0.8029686,0.85984254,0.809114,0.8481292,0.681874,0.6758149,0.678735,0.87368983,0.7823732,0.87084466,0.4688351,0.37814975,0.39532432,0.42592713,0.42489502,0.39595938,0.3712073,0.44779786,0.462929,0.46517712,0.46223417,0.41150564,0.4580458,0.38345832,0.3461109,0.36415285,0.4760815,0.44038367,0.48421794
102,0.8601933,0.6826009,0.730939,0.8275274,0.79215693,0.7096789,0.68208486,0.83159125,0.86966723,0.80885434,0.8689724,0.8182439,0.85401493,0.68775976,0.68170065,0.68462074,0.8828198,0.78825897,0.87673044,0.4815111,0.38939846,0.4080003,0.43860316,0.43757102,0.40863538,0.38245595,0.46047384,0.47560495,0.4778531,0.47491014,0.4241816,0.47072178,0.39470696,0.3573596,0.3754015,0.48875746,0.4530596,0.4968939
103,0.8614035,0.6838111,0.7321492,0.8287376,0.7933672,0.71088916,0.68329513,0.83280146,0.8715579,0.8100646,0.8708631,0.8201345,0.8552252,0.68896997,0.6829109,0.68583095,0.8847104,0.7894692,0.87794065,0.49409425,0.4005626,0.42058352,0.45118633,0.45015422,0.42121857,0.39362013,0.4730571,0.4881882,0.4904363,0.4874934,0.43676487,0.483305,0.40587115,0.36852372,0.3865657,0.5013407,0.4656428,0.5094771
104,0.8594702,0.6818778,0.73021585,0.82680434,0.7914338,0.7089558,0.68136173,0.8308681,0.8685609,0.8081313,0.8678661,0.81713754,0.8532918,0.68703663,0.6809776,0.6838976,0.88171333,0.78753585,0.87600726,0.50671315,0.41175216,0.4332024,0.46380523,0.4627731,0.43383747,0.4048097,0.485676,0.50080705,0.5030552,0.5001123,0.44938374,0.4959239,0.41706073,0.37971336,0.39775527,0.5139596,0.47826174,0.52209604
105,0.8544184,0.676826,0.72516406,0.82175255,0.7863821,0.70390403,0.67630994,0.82581633,0.8607144,0.8030795,0.86001956,0.809291,0.84824,0.68198484,0.6759258,0.6788458,0.8738668,0.78248405,0.87095547,0.5297754,0.4321863,0.45626453,0.4868674,0.48583528,0.4568996,0.42524385,0.5087381,0.5238692,0.5261173,0.5231744,0.47244588,0.51898605,0.43905658,0.40014753,0.419314,0.53702176,0.50132394,0.5451582
106,0.85789996,0.68030757,0.7286456,0.82523406,0.7898636,0.7073856,0.6797915,0.8292979,0.8661003,0.806561,0.86540556,0.81467694,0.8517216,0.6854664,0.6794073,0.6823274,0.87925285,0.7859656,0.8744371,0.54691565,0.44881216,0.47340482,0.5040077,0.5029756,0.4740399,0.44220704,0.5258784,0.54100955,0.5432576,0.5403147,0.48958614,0.5361264,0.45619684,0.41727412,0.43645427,0.554162,0.51846415,0.5622984
107,0.8565876,0.6789952,0.72733325,0.8239217,0.7885512,0.7060732,0.6784792,0.8279855,0.8640685,0.8052487,0.86337376,0.8126452,0.8504092,0.68415403,0.678095,0.681015,0.87722105,0.78465325,0.8731247,0.57465184,0.47654837,0.5011411,0.5317439,0.53071177,0.5017761,0.46994326,0.5536146,0.56874573,0.57099384,0.568051,0.5173224,0.56386256,0.48393306,0.44501036,0.4641905,0.5818982,0.5462004,0.59003466
108,0.8523729,0.6747804,0.7231185,0.819707,0.78433657,0.7018585,0.67426443,0.8237708,0.8575238,0.8010339,0.856829,0.8061004,0.84619457,0.6799393,0.6738802,0.6768003,0.8706763,0.7804385,0.86891,0.5945654,0.49646193,0.5210546,0.55165744,0.5506253,0.52168965,0.4898568,0.5735282,0.5886593,0.59090745,0.58796453,0.537236,0.5837761,0.50384665,0.46492392,0.48410404,0.60181177,0.56611395,0.60994816
109,0.85451484,0.67692244,0.7252605,0.8218489,0.78647846,0.7040005,0.6764064,0.8259128,0.86083424,0.80317587,0.8601394,0.8094109,0.84833646,0.6820813,0.6760222,0.67894226,0.8739867,0.78258044,0.87105185,0.6123508,0.5125505,0.53884,0.56944287,0.56841075,0.5394751,0.5076422,0.59131354,0.60644466,0.60869277,0.60574985,0.55502135,0.60156155,0.5177094,0.48270932,0.50188947,0.6195972,0.58389926,0.6277336
110,0.8524156,0.6748232,0.7231612,0.8197497,0.7843793,0.70190126,0.67430717,0.82381356,0.85757875,0.8010767,0.85688394,0.8061554,0.8462373,0.67998207,0.67392296,0.67684305,0.87073123,0.7804813,0.86895275,0.6285182,0.5229902,0.55500746,0.58561033,0.5845782,0.55006826,0.5224742,0.60748106,0.6226122,0.6248603,0.62191737,0.5711888,0.617729,0.5281491,0.4988768,0.51805687,0.6357646,0.6000668,0.6439011
111,0.8476743,0.6700819,0.71842,0.8132128,0.779638,0.69716,0.6695659,0.81907237,0.8502146,0.7963354,0.8495198,0.7987913,0.841496,0.6752408,0.6691817,0.6721018,0.86336714,0.77574,0.8642115,0.64333713,0.53255475,0.56982636,0.6004292,0.59939706,0.5596328,0.5320387,0.6222999,0.637431,0.6396792,0.6367363,0.5860077,0.63254786,0.5377136,0.5136957,0.5328758,0.6505835,0.6148857,0.65871996
112,0.84047747,0.66288507,0.7112231,0.80202925,0.7724411,0.68996304,0.66236895,0.8118754,0.8390311,0.7891385,0.8383363,0.7876077,0.83414793,0.66804385,0.6619848,0.66490483,0.8521836,0.76854306,0.85701454,0.6569777,0.541355,0.583467,0.6140698,0.6130377,0.56843305,0.54083896,0.63594055,0.65107167,0.65331984,0.6503768,0.59964836,0.6461885,0.5465138,0.5273363,0.54337484,0.66422415,0.6285263,0.6723606
113,0.8302863,0.6534589,0.70179695,0.78737843,0.7630149,0.6805369,0.65294284,0.8024492,0.8243802,0.7797124,0.8236854,0.7729569,0.81949705,0.65861773,0.6525587,0.6554787,0.83753276,0.75911695,0.8456692,0.6744996,0.5526559,0.60098875,0.6315916,0.6305595,0.57973397,0.5521399,0.65346235,0.66859347,0.6708416,0.66789865,0.6171701,0.6637103,0.5578147,0.5448581,0.5546757,0.6817459,0.64604807,0.6898824
114,0.81264824,0.6421121,0.69045013,0.76974034,0.7516681,0.6691901,0.641596,0.7911024,0.8067422,0.76836556,0.8060474,0.7553188,0.801859,0.6472709,0.64121187,0.6441319,0.8198946,0.7477701,0.82803106,0.6880381,0.5613796,0.6097177,0.64513016,0.64409804,0.5884577,0.5608636,0.6670009,0.682132,0.6843801,0.6814372,0.6307087,0.67724884,0.56653845,0.55839664,0.56339943,0.6952845,0.6595866,0.70342094
115,0.7926396,0.6292411,0.67757916,0.74973166,0.7387971,0.65631914,0.62872505,0.77160245,0.78673345,0.7554946,0.7860387,0.7353102,0.7818504,0.63439995,0.62834084,0.6312609,0.79988605,0.7348991,0.80802244,0.69976735,0.5689362,0.6172743,0.6568594,0.6558273,0.59601426,0.56842023,0.67873013,0.69386125,0.6951897,0.69316643,0.64243793,0.6889781,0.57409513,0.568036,0.5709561,0.7070137,0.6713159,0.7151502
116,0.77099365,0.6153172,0.6636553,0.72808576,0.7248733,0.64239526,0.61480117,0.7499565,0.7650876,0.7415707,0.7643928,0.71366423,0.76020443,0.62047607,0.61441696,0.61733705,0.7782401,0.7209753,0.7863765,0.711869,0.5767334,0.6250715,0.66896105,0.66792893,0.6038115,0.5762174,0.6908318,0.70596284,0.7029869,0.7052681,0.6545396,0.7010797,0.58189225,0.5758332,0.57875323,0.7191154,0.6823915,0.7272518
117,0.748508,0.6008532,0.64919126,0.7056001,0.7045679,0.62793124,0.60033715,0.72747076,0.7426019,0.7271067,0.74190706,0.69117856,0.7377187,0.6060121,0.599953,0.6028731,0.75575435,0.70651126,0.76389086,0.7226197,0.58365905,0.6319971,0.6797118,0.6786797,0.6107371,0.58314294,0.70158255,0.7167136,0.7099125,0.7160188,0.66529036,0.7118305,0.58881783,0.5827588,0.5856788,0.7298661,0.68931705,0.7380026
118,0.74788225,0.6004818,0.64881986,0.70497435,0.70394224,0.6275599,0.5999658,0.7268451,0.74197614,0.72673535,0.74128133,0.69055283,0.737093,0.60564065,0.5995816,0.60250163,0.7551286,0.7061399,0.76326513,0.7321064,0.58977467,0.6381128,0.6891985,0.6881663,0.6168527,0.5892587,0.7110692,0.7262003,0.71602815,0.7255055,0.674777,0.7213172,0.5949335,0.58887446,0.5917945,0.7393528,0.6954327,0.7474893
119,0.7382418,0.5942763,0.64261436,0.69533396,0.6943018,0.62135434,0.59376025,0.71720463,0.7323357,0.72052974,0.73164093,0.68091244,0.7274526,0.5994351,0.59337604,0.5962961,0.7454882,0.69993436,0.7536247,0.7429817,0.5968021,0.6451402,0.7000737,0.6990416,0.62388015,0.59628606,0.72194445,0.7370755,0.7230556,0.73638076,0.68565226,0.73219246,0.6019609,0.59590185,0.59882194,0.75022805,0.7024601,0.7583645
120,0.7480616,0.6006197,0.6489577,0.70515364,0.70412153,0.6276977,0.6001036,0.7270244,0.7421555,0.72687316,0.7414607,0.6907321,0.7372724,0.6057785,0.5997194,0.60263944,0.755308,0.7062777,0.76344436,0.75964195,0.6075984,0.65593654,0.716734,0.7157019,0.6346765,0.60708237,0.7386047,0.7537358,0.7338519,0.753041,0.7023125,0.74885267,0.6127573,0.60669816,0.6096183,0.7668883,0.71325654,0.7750248
121,0.74770653,0.60038424,0.64872235,0.7047986,0.70376647,0.62746227,0.59986824,0.7266693,0.7418004,0.7266377,0.7411057,0.6903771,0.7369173,0.60554314,0.5994841,0.6024041,0.7549529,0.70604235,0.76308936,0.78812045,0.6260753,0.6744134,0.74521255,0.7356314,0.65315336,0.6255593,0.7670832,0.78221434,0.75232875,0.78151953,0.730791,0.7773312,0.63123417,0.6251751,0.62809515,0.7953668,0.7317334,0.8035033
122,0.76489097,0.6114605,0.65979856,0.721983,0.7209509,0.6385385,0.61094445,0.74385375,0.75898486,0.73771393,0.75829005,0.7075615,0.7541017,0.61661935,0.6105603,0.6134803,0.77213734,0.71711856,0.78027374,0.82135814,0.64760387,0.6959419,0.7784503,0.75715995,0.6746819,0.6470878,0.7965942,0.8154521,0.77385736,0.8147573,0.7640288,0.8105689,0.65276265,0.6467036,0.64962375,0.8286046,0.753262,0.8367411
123,0.77223057,0.616173,0.6645111,0.7293226,0.72572905,0.64325106,0.615657,0.75119334,0.76632446,0.74242646,0.76562965,0.7149011,0.7614413,0.6213318,0.61527276,0.61819285,0.77947694,0.7218311,0.78761333,0.8445855,0.6669931,0.71533114,0.80846316,0.7765491,0.6940711,0.6664771,0.8159834,0.84546506,0.7932465,0.84477025,0.7940417,0.8384071,0.6721519,0.6660928,0.6690129,0.85861754,0.7726512,0.8611226
124,0.7919528,0.6288723,0.67721033,0.7490449,0.73842835,0.6559503,0.6283562,0.7709156,0.78604674,0.75512576,0.78535193,0.73462343,0.7811636,0.63403106,0.627972,0.6308921,0.7991992,0.7345303,0.8073357,0.8601542,0.68256176,0.7308998,0.8274883,0.79211783,0.70963985,0.6820457,0.8315521,0.8696275,0.8088152,0.8689327,0.8182041,0.8539758,0.6877206,0.68166155,0.6845816,0.88277996,0.7882198,0.8766912
125,0.803893,0.6365433,0.6848814,0.76098514,0.74609935,0.6636213,0.6360272,0.7828558,0.7979869,0.76279676,0.7972921,0.7465636,0.7931038,0.6417021,0.63564306,0.6385631,0.8111394,0.7422013,0.81927586,0.87311876,0.6955264,0.7438644,0.8404529,0.80508244,0.7226044,0.69501036,0.8445167,0.8897719,0.82177985,0.8890771,0.83834857,0.86694044,0.7006852,0.69462615,0.69754624,0.9029244,0.8011845,0.889656
126,0.8123645,0.64198434,0.69032234,0.7694566,0.75154036,0.6690623,0.6414683,0.7909746,0.8064584,0.76823777,0.80576366,0.75503504,0.8015753,0.6471431,0.6410841,0.6440041,0.8196109,0.74764234,0.8277474,0.88409054,0.70649815,0.7548362,0.8514247,0.8160542,0.73357624,0.70598215,0.85548854,0.9068292,0.83275163,0.9061343,0.85540587,0.8779122,0.71165705,0.70559794,0.708518,0.91998166,0.8121562,0.9006277
127,0.83195746,0.65459734,0.7029354,0.7890495,0.76415336,0.6816754,0.6540813,0.8035877,0.82605135,0.7808508,0.82535654,0.774628,0.8211682,0.6597562,0.65369713,0.65661716,0.83920383,0.7602554,0.8473402,0.8934346,0.71584225,0.7641803,0.8607687,0.8253982,0.7429203,0.71532613,0.8648325,0.9213587,0.8420957,0.91809213,0.8673115,0.8872562,0.721001,0.714942,0.71786207,0.93451124,0.82150024,0.9099718
128,0.84081435,0.66322196,0.71156,0.8024715,0.772778,0.6903,0.6627059,0.8122122,0.83947337,0.78947544,0.83877856,0.78805,0.8345902,0.6683808,0.6623217,0.6652417,0.8526259,0.76887995,0.8573514,0.90142804,0.72383565,0.7721737,0.8687622,0.8333917,0.75091374,0.72331965,0.872826,0.9337896,0.85008913,0.92608565,0.87530494,0.89524966,0.7289945,0.7229354,0.7258555,0.9469421,0.82949376,0.9179652
129,0.8528915,0.6752991,0.72363716,0.8202256,0.7848551,0.70237714,0.67478305,0.8242895,0.858247,0.8015526,0.8575522,0.8068237,0.8467131,0.68045795,0.67439884,0.67731893,0.8713995,0.7809571,0.86942863,0.9082497,0.7306573,0.77899534,0.87558377,0.8402133,0.7577353,0.7301413,0.8796476,0.9443988,0.85691077,0.9329073,0.8821266,0.90207136,0.7358161,0.729757,0.7326771,0.9575513,0.8363154,0.9247868
130,0.8621691,0.6845767,0.73291475,0.8295032,0.79413277,0.7116548,0.6840607,0.833567,0.8726844,0.8108302,0.87198967,0.82126105,0.85599077,0.6897356,0.6836765,0.6865965,0.8858369,0.79023474,0.8787062,0.91408503,0.73649263,0.7848307,0.8814191,0.84604865,0.7635707,0.7359766,0.88548297,0.95347464,0.8627461,0.93874264,0.8879619,0.90790665,0.7416515,0.7355924,0.73851246,0.9662568,0.8421507,0.93062216
131,0.86988306,0.6922907,0.7406287,0.83721715,0.80184674,0.71936876,0.69177467,0.84128106,0.88468933,0.81854415,0.8839946,0.833266,0.86370474,0.6974495,0.6913904,0.69431055,0.8978418,0.7979487,0.8864202,0.9190594,0.74146694,0.789805,0.8863934,0.851023,0.768545,0.7409509,0.89045733,0.96121156,0.8677204,0.94371694,0.8929362,0.912881,0.7466258,0.74056673,0.74348676,0.9712311,0.84712493,0.93559647
132,0.876259,0.69866663,0.7470047,0.8435931,0.8082227,0.7257447,0.69815063,0.84765697,0.8946122,0.82492006,0.89391744,0.8431888,0.8700807,0.7038255,0.6977664,0.70068645,0.9077647,0.8043247,0.8927961,0.9233014,0.745709,0.79404706,0.89063555,0.8552651,0.77278703,0.74519295,0.8946993,0.9678098,0.8719624,0.94795895,0.8971783,0.91712296,0.75086784,0.74480873,0.7477288,0.97547317,0.85136706,0.93983847
133,0.8814908,0.7038984,0.7522364,0.8488249,0.81345445,0.7309764,0.7033823,0.85288876,0.90275455,0.83015186,0.9020598,0.85133123,0.87531245,0.7090572,0.70299816,0.7059182,0.9159071,0.8095565,0.8980279,0.92692584,0.74933344,0.7976715,0.8942599,0.8588895,0.7764115,0.74881744,0.89832383,0.9725643,0.87558687,0.95158345,0.9008028,0.92074746,0.7544923,0.7484332,0.75135326,0.97909755,0.8549915,0.9434629
134,0.8857549,0.7081625,0.75650054,0.85308903,0.81771857,0.7352405,0.7076465,0.8571528,0.9093912,0.834416,0.90869635,0.85796785,0.8795765,0.7133213,0.7072622,0.7101823,0.9225437,0.81382054,0.902292,0.9300077,0.75241524,0.80075336,0.8973418,0.8619713,0.77949333,0.75189924,0.9014057,0.97564614,0.8786688,0.95466524,0.9038846,0.9238293,0.75757414,0.75151503,0.7544351,0.9821794,0.8580733,0.9465448
135,0.88921046,0.71161807,0.7599561,0.8565446,0.82117414,0.7386961,0.711102,0.8606084,0.9147696,0.8378715,0.913868,0.86308736,0.8830321,0.7167769,0.7107178,0.7136379,0.927922,0.81727606,0.90574753,0.93264025,0.75504786,0.8033859,0.89997435,0.8646039,0.7821259,0.7545318,0.9040382,0.9782787,0.8813013,0.9572978,0.9065172,0.9264619,0.7602067,0.75414765,0.7570677,0.984812,0.86070585,0.9491774
136,0.89199984,0.71440744,0.7627455,0.85933393,0.82396346,0.7414855,0.7138914,0.86339784,0.91911113,0.84066087,0.9166574,0.8658768,0.8858215,0.7195663,0.7135072,0.71642727,0.9322637,0.8200655,0.9085369,0.93487287,0.75728047,0.80561846,0.90220696,0.8668365,0.7843585,0.7567644,0.9062708,0.9805113,0.88353395,0.9595305,0.90874976,0.92869455,0.7624393,0.7563802,0.7593003,0.98704463,0.8629385,0.95141
137,0.8942495,0.71665716,0.76499516,0.86158365,0.8262131,0.74373513,0.7161411,0.8656475,0.9226127,0.8429105,0.91890705,0.8681264,0.8880711,0.72181594,0.71575683,0.7186769,0.93576527,0.82231516,0.9107867,0.93677,0.7591777,0.80751574,0.90410423,0.8687337,0.7862557,0.7586616,0.908168,0.9824085,0.8854311,0.9614276,0.91064703,0.9305917,0.7643365,0.7582775,0.7611975,0.98894185,0.8648357,0.9533072
138,0.8960712,0.71847874,0.7668168,0.8634053,0.8280348,0.7455568,0.7179627,0.8674691,0.92544806,0.8447322,0.9207287,0.8699481,0.88989276,0.7236376,0.7175785,0.72049856,0.93860054,0.8241368,0.9126082,0.93838835,0.76079595,0.809134,0.90572244,0.87035197,0.787874,0.76027995,0.90978634,0.9840268,0.88704944,0.96304595,0.91226524,0.93220997,0.7659548,0.75989574,0.76281583,0.9905601,0.866454,0.9549255
139,0.8975629,0.71997046,0.7683085,0.864897,0.82952654,0.74704856,0.71945447,0.86896086,0.9277699,0.846224,0.92222047,0.8714398,0.8913846,0.72512937,0.71907026,0.72199035,0.9409224,0.8256286,0.9141,0.93975574,0.7621634,0.8105014,0.9070898,0.8717195,0.78924143,0.76164734,0.9111537,0.98539424,0.8884168,0.96441334,0.9136327,0.9335774,0.76732224,0.76126313,0.7641832,0.9919275,0.8678214,0.95629287
140,0.89881027,0.7212179,0.7695559,0.86614436,0.8307739,0.7482959,0.7207018,0.8702082,0.9297112,0.8474713,0.9234678,0.87268716,0.8926318,0.72637665,0.7203176,0.7232377,0.94286376,0.8268759,0.91534734,0.9409144,0.76332206,0.81166005,0.9082485,0.872878,0.7904,0.762806,0.9123124,0.98655283,0.8895755,0.96557194,0.9147913,0.934736,0.76848084,0.7624218,0.7653419,0.99308616,0.86898005,0.9574515
141,0.8998872,0.72229487,0.7706329,0.86722136,0.8318509,0.7493729,0.7217788,0.8712852,0.9313872,0.8485483,0.9245449,0.87376416,0.8937088,0.7274537,0.7213946,0.7243147,0.9445397,0.82795286,0.91642433,0.94189507,0.7643027,0.8126407,0.90922916,0.87385875,0.7913807,0.7637866,0.913293,0.98753357,0.89055616,0.9665526,0.91577196,0.9357167,0.7694615,0.76340246,0.7663225,0.99406683,0.8699607,0.9584322
142,0.90085703,0.72326463,0.7716027,0.8681911,0.83282065,0.75034267,0.72274864,0.872255,0.93289614,0.84951806,0.9255146,0.874734,0.8946787,0.72842354,0.72236437,0.72528446,0.9460487,0.8289227,0.91739416,0.94272393,0.76513153,0.8134696,0.9100581,0.8746876,0.7922096,0.76461554,0.9141219,0.98836243,0.8913851,0.96738154,0.9166008,0.9365456,0.7702904,0.7642313,0.76715136,0.9948957,0.8707896,0.95926106
143,0.9017729,0.7241805,0.7725186,0.869107,0.8337365,0.7512586,0.72366446,0.87317085,0.9343209,0.850434,0.92643046,0.8756498,0.89559454,0.72933936,0.72328025,0.72620034,0.9474735,0.8298386,0.91831005,0.9434234,0.765831,0.81416905,0.91075754,0.8753871,0.792909,0.76531494,0.9148213,0.98906183,0.8920845,0.96808094,0.91730034,0.937245,0.77098984,0.7649307,0.7678508,0.99559516,0.871489,0.95996046
144,0.9026789,0.72508645,0.7734245,0.870013,0.8346425,0.7521645,0.7245704,0.8740768,0.9357302,0.85133994,0.92733645,0.87655574,0.89650047,0.7302453,0.7241862,0.7271063,0.94888264,0.8307445,0.9192159,0.9440124,0.76642,0.814758,0.9113465,0.875976,0.79349804,0.7659039,0.9154104,0.9896508,0.8926734,0.96866995,0.9178893,0.937834,0.7715788,0.76551974,0.76843977,0.99618423,0.872078,0.96054953
145,0.90361035,0.726018,0.774356,0.8709445,0.83557403,0.75309604,0.72550195,0.87500834,0.93717897,0.85227144,0.92826796,0.8774873,0.897432,0.7311768,0.72511774,0.72803783,0.9503315,0.831676,0.9201475,0.9445139,0.7669215,0.8152595,0.911848,0.87647754,0.79399955,0.7664055,0.91591185,0.9901523,0.89317495,0.9691715,0.9183908,0.93833554,0.77208036,0.76602125,0.76894134,0.9966857,0.8725796,0.961051
146,0.90459484,0.72700244,0.7753405,0.87192893,0.83655846,0.7540805,0.72648644,0.87599283,0.93871,0.8532559,0.92925245,0.8784718,0.8984165,0.7321613,0.72610223,0.72902226,0.9518625,0.83266044,0.92113197,0.94492865,0.7673363,0.81567436,0.91226274,0.87689227,0.79441434,0.76682025,0.91632664,0.990567,0.89358974,0.96958625,0.91880554,0.93875027,0.77249515,0.76643604,0.76935613,0.9971005,0.8729943,0.96146584
147,0.9056525,0.7280602,0.77639824,0.8729867,0.8376162,0.7551382,0.72754407,0.87705046,0.9403548,0.8543136,0.93031013,0.8795294,0.8994742,0.73321897,0.7271599,0.73008,0.95350736,0.8337182,0.92218965,0.94527483,0.76768243,0.8160205,0.912609,0.8772385,0.79476047,0.7671664,0.91667277,0.9909133,0.8939359,0.9699324,0.9191517,0.93909645,0.7728413,0.76678216,0.76970226,0.99744666,0.8733405,0.9618119
148,0.9067969,0.7292045,0.7775425,0.87413096,0.8387605,0.7562825,0.7286884,0.87819475,0.9421344,0.8554579,0.9314544,0.88067377,0.90061843,0.73436326,0.7283042,0.73122424,0.95528686,0.83486253,0.92333394,0.9455628,0.7679704,0.81630844,0.9128969,0.8775264,0.7950484,0.7674543,0.9169607,0.99120116,0.8942238,0.9702203,0.9194397,0.9393844,0.7731292,0.7670702,0.7699902,0.99773455,0.8736284,0.9620999
149,0.9080352,0.7304428,0.7787808,0.87536925,0.83999884,0.75752085,0.72992676,0.87943316,0.9440601,0.8566963,0.93269277,0.8819121,0.90185684,0.73560166,0.72954255,0.73246264,0.9572125,0.8361008,0.92457235,0.94580704,0.7682146,0.81655264,0.91314113,0.87777066,0.7952926,0.7676986,0.9172049,0.9914454,0.89446807,0.9704645,0.91968393,0.93962866,0.7733734,0.7673144,0.77023447,0.9979788,0.8738727,0.9623441
150,0.90936965,0.7317772,0.78011525,0.87670374,0.84133327,0.7588552,0.7312612,0.8807675,0.94613516,0.8580307,0.9340272,0.8832465,0.9031912,0.73693603,0.7308769,0.733797,0.9592877,0.8374353,0.9259067,0.94600296,0.76841056,0.8167486,0.91333705,0.8779666,0.7954886,0.7678945,0.9174009,0.99164134,0.89466405,0.9706605,0.91987985,0.9398246,0.7735694,0.7675103,0.7704304,0.9981747,0.87406856,0.9625401
151,0.91079724,0.73320484,0.7815429,0.87813133,0.84276086,0.7602829,0.7326888,0.8821952,0.94835526,0.85945827,0.9354548,0.88467413,0.90461886,0.7383636,0.7323046,0.73522466,0.9615078,0.8388629,0.9273343,0.9461628,0.7685704,0.8169085,0.913497,0.87812656,0.7956485,0.7680544,0.91756076,0.9918013,0.8948239,0.9708205,0.9200398,0.9399845,0.77372926,0.7676702,0.77059025,0.9983346,0.8742285,0.96269995
152,0.91231114,0.73471874,0.7830568,0.8796452,0.84427476,0.7617968,0.73420274,0.8837091,0.95070964,0.8609722,0.93696874,0.88618803,0.9061328,0.7398776,0.73381853,0.73673856,0.9638621,0.8403768,0.92884827,0.94629234,0.76869994,0.817038,0.9136265,0.87825596,0.795778,0.76818395,0.91769034,0.9919308,0.8949534,0.9709499,0.9201693,0.940114,0.7738588,0.7677997,0.77071977,0.9984641,0.874358,0.96282953
153,0.9139013,0.73630893,0.784647,0.8812354,0.845865,0.76338696,0.73579293,0.8852993,0.9531827,0.8625624,0.9385589,0.8877782,0.90772295,0.7414678,0.7354087,0.73832875,0.9660731,0.841967,0.93043846,0.94639593,0.76880354,0.8171416,0.91373,0.87835956,0.79588157,0.7682875,0.9177939,0.9920344,0.89505696,0.97105354,0.9202729,0.9402176,0.7739624,0.7679033,0.77082336,0.99856776,0.8744616,0.962933
154,0.9155548,0.7379624,0.7863005,0.882889,0.8475185,0.7650405,0.7374464,0.8869528,0.95575434,0.8642159,0.94021237,0.88943183,0.9093765,0.7431213,0.7370622,0.7399823,0.96772665,0.84362054,0.93209195,0.9464819,0.7688895,0.81722754,0.913816,0.87844557,0.7959675,0.7683734,0.9178798,0.99212027,0.8951429,0.97113943,0.9203588,0.94030344,0.7740483,0.7679893,0.7709093,0.9986537,0.87454754,0.96301895
155,0.9172569,0.7396645,0.7880025,0.88459104,0.8492206,0.7667425,0.73914844,0.88865477,0.9584014,0.865918,0.9419145,0.8911338,0.9110785,0.74482334,0.7387642,0.74168426,0.96942866,0.84532255,0.93379396,0.94654465,0.7689523,0.8172903,0.9138788,0.8785083,0.79603034,0.7684362,0.9179426,0.9921831,0.8952057,0.97120225,0.9204216,0.9403663,0.7741111,0.76805204,0.7709721,0.99871653,0.8746103,0.9630818
156,0.9189914,0.74139905,0.78973705,0.8863256,0.8509551,0.7684771,0.740883,0.8903894,0.9610992,0.86765254,0.94364905,0.89286834,0.91281307,0.7465579,0.7404988,0.7434189,0.9711632,0.84705704,0.9355285,0.94659585,0.76900345,0.8173415,0.91392994,0.87855947,0.7960815,0.76848745,0.91799384,0.99223423,0.89525694,0.9712534,0.92047274,0.94041747,0.77416235,0.7681032,0.7710233,0.9987677,0.8746615,0.96313304
157,0.9207418,0.74314934,0.79148734,0.8880759,0.8527054,0.7702274,0.74263334,0.89213973,0.96382153,0.8694029,0.94539934,0.89461863,0.9145634,0.7483082,0.7422491,0.74516916,0.9729135,0.8488074,0.93727887,0.94662917,0.76903677,0.81737477,0.91396326,0.8785928,0.7961148,0.7685207,0.9180271,0.99226755,0.89529026,0.9712868,0.920506,0.9404508,0.7741956,0.7681365,0.7710566,0.99880093,0.8746948,0.9631663
158,0.9224913,0.7448989,0.793237,0.8898254,0.85445493,0.771977,0.7443829,0.89388925,0.9665429,0.8711524,0.9471489,0.8963682,0.916313,0.75005776,0.7439987,0.74691874,0.9746631,0.85055697,0.93902844,0.9466511,0.76905864,0.81739676,0.9139852,0.8786147,0.79613674,0.76854265,0.91804904,0.9922895,0.89531213,0.9713086,0.920528,0.94047266,0.77421755,0.76815844,0.7710785,0.9988229,0.8747167,0.9631882
159,0.92422384,0.7466315,0.7949695,0.89155805,0.8561875,0.77370954,0.74611545,0.89562184,0.9692378,0.8728849,0.9488814,0.89810085,0.9180455,0.75179034,0.74573123,0.7486513,0.97639567,0.8522895,0.940761,0.94666696,0.76907456,0.8174126,0.9140011,0.8786306,0.79615265,0.76855856,0.9180649,0.9923054,0.89532804,0.97132456,0.9205439,0.94048864,0.7742334,0.7681743,0.77109444,0.9988388,0.8747326,0.9632041
160,0.9259243,0.7483319,0.79666996,0.89325845,0.857888,0.77541,0.7478159,0.8973223,0.9715628,0.8745854,0.9505819,0.8998013,0.919746,0.7534908,0.7474317,0.7503518,0.9780961,0.85398996,0.9424615,0.9466715,0.769079,0.8174171,0.9140056,0.8786351,0.79615706,0.76856303,0.9180694,0.99230987,0.8953326,0.971329,0.9205483,0.9404931,0.7742379,0.76817876,0.77109885,0.9988432,0.8747371,0.96320856
161,0.9275789,0.7499865,0.7983246,0.894913,0.85954255,0.7770646,0.74947053,0.8989769,0.97321737,0.87624,0.95223653,0.9014559,0.9214006,0.7551454,0.7490863,0.7520064,0.9797507,0.8556446,0.9441161,0.94667184,0.76907945,0.8174175,0.914006,0.8786355,0.7961575,0.7685634,0.9180698,0.9923103,0.89533293,0.97132945,0.92054874,0.9404935,0.7742383,0.7681792,0.77109927,0.9988436,0.8747375,0.963209
162,0.92917556,0.75158304,0.7999211,0.8965096,0.8611392,0.77866113,0.7510671,0.90057343,0.97481394,0.8778366,0.95383304,0.9030524,0.9229971,0.75674194,0.75068283,0.7536029,0.98134726,0.85724115,0.94571257,0.946664,0.7690715,0.8174096,0.91399807,0.8786276,0.79614955,0.7685555,0.91806185,0.9923024,0.895325,0.97132146,0.92054087,0.9404856,0.77423036,0.7681713,0.7710914,0.99883574,0.8747296,0.96320105
163,0.93070376,0.75311136,0.80144936,0.89803785,0.8626674,0.7801894,0.7525953,0.90210164,0.97634214,0.8793648,0.95536137,0.90458065,0.9245254,0.7582702,0.7522111,0.7551312,0.9828755,0.85876936,0.9472408,0.9466514,0.769059,0.81739694,0.9139855,0.878615,0.79613703,0.76854295,0.91804934,0.9922898,0.8953124,0.97130895,0.92052823,0.940473,0.7742178,0.76815873,0.77107877,0.99882317,0.87471706,0.9631885
164,0.9321553,0.75456285,0.8029009,0.89948946,0.86411893,0.78164095,0.75404686,0.90355325,0.97779375,0.8808164,0.95681286,0.9060322,0.92597693,0.75972176,0.75366265,0.75658274,0.9843271,0.86022097,0.94869244,0.9466352,0.7690427,0.8173808,0.9139693,0.8785988,0.79612076,0.76852673,0.91803306,0.99227357,0.8952962,0.9712927,0.920512,0.94045675,0.7742016,0.76814246,0.77106255,0.9988069,0.8747007,0.96317226
165,0.9335239,0.75593144,0.80426943,0.9008579,0.8654875,0.78300947,0.75541544,0.90492177,0.9791623,0.8821849,0.9581814,0.9074007,0.92734545,0.7610903,0.75503117,0.75795126,0.9856956,0.8615895,0.95006096,0.9466158,0.7690234,0.81736153,0.9139499,0.87857944,0.79610145,0.76850736,0.9180138,0.99225426,0.8952769,0.97127336,0.9204927,0.94043744,0.77418226,0.7681232,0.77104324,0.9987876,0.8746814,0.96315295
166,0.93480486,0.7572125,0.8055505,0.902139,0.86676854,0.7842905,0.75669646,0.90620285,0.9804433,0.88346595,0.95946246,0.9086818,0.92862654,0.76237136,0.75631225,0.7592323,0.9869766,0.8628705,0.95134205,0.94659406,0.76900166,0.81733966,0.91392815,0.8785577,0.7960797,0.7684856,0.917992,0.99223244,0.89525515,0.9712516,0.9204709,0.9404157,0.7741605,0.7681014,0.7710214,0.9987658,0.8746597,0.9631311
167,0.93599576,0.7584034,0.8067414,0.90332985,0.8679594,0.7854814,0.7578873,0.90739375,0.98163426,0.88465685,0.96065336,0.90987265,0.92981744,0.7635622,0.75750315,0.76042324,0.9881675,0.86406136,0.9525329,0.94657016,0.7689778,0.8173159,0.9139043,0.87853384,0.79605585,0.76846176,0.91796815,0.9922086,0.89523125,0.9712278,0.9204472,0.94039184,0.77413666,0.76807755,0.77099764,0.998742,0.8746359,0.96310735
168,0.9370956,0.7595031,0.8078412,0.9044297,0.8690592,0.7865812,0.7589871,0.9084935,0.982734,0.8857566,0.9617531,0.91097254,0.9309172,0.764662,0.7586029,0.761523,0.9892673,0.8651612,0.9536327,0.9465449,0.7689524,0.8172905,0.9138789,0.8785085,0.79603046,0.7684364,0.9179428,0.99218327,0.89520586,0.9712024,0.9204218,0.94036645,0.7741113,0.7680522,0.77097225,0.99871665,0.8746105,0.96308196
169,0.9381048,0.7605124,0.8088504,0.9054389,0.87006843,0.78759044,0.75999635,0.9095028,0.98374325,0.88676584,0.96276236,0.9119817,0.9319264,0.76567125,0.75961214,0.76253223,0.9902766,0.86617047,0.95464194,0.9465182,0.7689257,0.8172638,0.9138523,0.8784818,0.7960038,0.7684097,0.9179161,0.99215657,0.8951793,0.97117573,0.920395,0.9403398,0.7740846,0.7680255,0.77094555,0.99868995,0.8745838,0.96305525
