,ymax,r,data_loss,physic_loss
0,0.5947700142860413,0.2975899875164032,0.2736039459705353,1.2859584330726648e-07
1,0.6047700047492981,0.28758999705314636,0.2725988030433655,5.9156104725843765e-08
2,0.6146020293235779,0.2775876820087433,0.25718948245048523,1.4223367543308996e-06
3,0.6216759085655212,0.2741864323616028,0.22660353779792786,4.486557259042456e-08
4,0.6160528063774109,0.2680846154689789,0.24638709425926208,1.5351740785263248e-07
5,0.6125766634941101,0.2648792266845703,0.25011518597602844,2.299183734066901e-07
6,0.61031174659729,0.26329565048217773,0.2462799996137619,1.9759263523155825e-07
7,0.609304666519165,0.26327595114707947,0.2358561009168625,6.73073874413177e-11
8,0.6043038964271545,0.2583242952823639,0.2544257342815399,3.0688922834087864e-07
9,0.5998876690864563,0.25396525859832764,0.2665702998638153,9.372405656904448e-07
10,0.5959483981132507,0.25007981061935425,0.2720734477043152,1.0494442221897771e-07
11,0.5924183130264282,0.2465885430574417,0.27256324887275696,3.644372554845177e-08
12,0.5892447233200073,0.24342966079711914,0.2728741466999054,4.472879595596169e-08
13,0.5863842368125916,0.24056148529052734,0.2731524407863617,5.251214929558046e-08
14,0.5838005542755127,0.23794928193092346,0.27340152859687805,5.969038170405838e-08
15,0.5814629793167114,0.23556363582611084,0.27362433075904846,6.622030355174503e-08
16,0.5793452262878418,0.23337940871715546,0.27382367849349976,7.20976572665677e-08
17,0.5774244666099548,0.2313748598098755,0.27400198578834534,7.734238351986278e-08
18,0.5756809115409851,0.22953106462955475,0.2741614282131195,8.198859973163054e-08
19,0.5740970373153687,0.2278313934803009,0.274304062128067,8.607788686276764e-08
20,0.5726574659347534,0.2262611985206604,0.27443164587020874,8.965486131273792e-08
21,0.5713484883308411,0.22480745613574982,0.27454572916030884,9.276434411731316e-08
22,0.5701579451560974,0.22345860302448273,0.2746477425098419,9.544969543640036e-08
23,0.5690748691558838,0.2222042679786682,0.2747389078140259,9.775179705684423e-08
24,0.5680894255638123,0.2210351526737213,0.27482032775878906,9.970841574613587e-08
25,0.567192792892456,0.21994291245937347,0.27489298582077026,1.0135428283319926e-07
26,0.5663769841194153,0.2189200073480606,0.2749578356742859,1.0272083272866439e-07
27,0.5656347870826721,0.21795964241027832,0.27501553297042847,1.0383639619249153e-07
28,0.5649596452713013,0.21705566346645355,0.27506688237190247,1.0472663234395441e-07
29,0.5643455982208252,0.2162024974822998,0.275112509727478,1.0541425581322984e-07
30,0.5637872815132141,0.21539507806301117,0.27515295147895813,1.0591980981189408e-07
31,0.5632798075675964,0.21462883055210114,0.2751886248588562,1.0626154107740149e-07
32,0.562818706035614,0.21389959752559662,0.27522003650665283,1.0645585462043529e-07
33,0.5623998641967773,0.213203564286232,0.2752476632595062,1.0651725688148873e-07
34,0.5620196461677551,0.21253730356693268,0.27527177333831787,1.0645881047821605e-07
35,0.5616745948791504,0.21189767122268677,0.2752927243709564,1.0629220241753502e-07
36,0.5613616704940796,0.21128180623054504,0.27531078457832336,1.0602776683299454e-07
37,0.5610780715942383,0.21068711578845978,0.2753262221813202,1.0567483741397155e-07
38,0.5608212351799011,0.21011121571063995,0.2753393054008484,1.0524180424908992e-07
39,0.5605887770652771,0.20955196022987366,0.2753502130508423,1.0473613656358794e-07
40,0.5603786110877991,0.2090073674917221,0.2753591537475586,1.0416454188089119e-07
41,0.5601887106895447,0.20847564935684204,0.27536630630493164,1.0353317065892043e-07
42,0.5600173473358154,0.20795518159866333,0.27537181973457336,1.0284735481036478e-07
43,0.5598629117012024,0.2074444591999054,0.2753758132457733,1.021119715005625e-07
44,0.5597238540649414,0.2069421261548996,0.27537843585014343,1.0133149999091984e-07
45,0.5595988631248474,0.20644694566726685,0.27537986636161804,1.0050988521470572e-07
46,0.5594866871833801,0.20595777034759521,0.27538010478019714,9.965076515072724e-08
47,0.5593862533569336,0.20547358691692352,0.2753793001174927,9.875734576780815e-08
48,0.5592964887619019,0.20499345660209656,0.2753775417804718,9.78325829237292e-08
49,0.5592164397239685,0.20451650023460388,0.2753749191761017,9.687920510259573e-08
50,0.5591452121734619,0.20404194295406342,0.2753714919090271,9.589952014721349e-08
51,0.5590820908546448,0.20356906950473785,0.27536728978157043,9.489584158473008e-08
52,0.5590263605117798,0.20309722423553467,0.27536240220069885,9.387014188178e-08
53,0.5589773058891296,0.2026258111000061,0.27535685896873474,9.282425139645056e-08
54,0.5589343905448914,0.202154278755188,0.27535077929496765,9.175984132525629e-08
55,0.558897078037262,0.20168213546276093,0.2753441631793976,9.067840096577129e-08
56,0.5588648319244385,0.2012089043855667,0.27533701062202454,8.958132866609959e-08
57,0.5588372349739075,0.20073416829109192,0.27532944083213806,8.846990340316552e-08
58,0.5588138699531555,0.2002575546503067,0.2753213942050934,8.734529046705575e-08
59,0.558794379234314,0.1997786909341812,0.2753129303455353,8.620855851404485e-08
60,0.5587784051895142,0.1992972493171692,0.2753041088581085,8.506071935698856e-08
61,0.5587655901908875,0.19881293177604675,0.2752949297428131,8.390264270019544e-08
62,0.5587557554244995,0.19832544028759003,0.2752854526042938,8.273519256363216e-08
63,0.5587485432624817,0.1978345364332199,0.27527564764022827,8.155913064911147e-08
64,0.5587437748908997,0.1973399668931961,0.27526557445526123,8.037519592107857e-08
65,0.5587412714958191,0.19684149324893951,0.2752552032470703,7.918403071016656e-08
66,0.5587407946586609,0.19633892178535461,0.2752446234226227,7.798626029398293e-08
67,0.5587421655654907,0.1958320438861847,0.2752337157726288,7.678247584408382e-08
68,0.5587452054023743,0.19532068073749542,0.27522265911102295,7.557323442597409e-08
69,0.558749794960022,0.19480463862419128,0.2752113342285156,7.43589907870046e-08
70,0.5587558150291443,0.19428376853466034,0.275199830532074,7.314027925531264e-08
71,0.5587631464004517,0.19375789165496826,0.27518805861473083,7.191758868430043e-08
72,0.5587716698646545,0.1932268589735031,0.27517613768577576,7.069125445013924e-08
73,0.5587812662124634,0.19269052147865295,0.27516403794288635,6.946172561583808e-08
74,0.5587918758392334,0.19214873015880585,0.2751517593860626,6.822940008532896e-08
75,0.558803379535675,0.19160135090351105,0.2751392722129822,6.699464734083449e-08
76,0.5588157176971436,0.19104823470115662,0.2751266360282898,6.575779138984217e-08
77,0.5588288307189941,0.1904892474412918,0.2751137912273407,6.451923582062592e-08
78,0.558842658996582,0.18992425501346588,0.27510085701942444,6.327921937554493e-08
79,0.5588571429252625,0.1893531084060669,0.27508774399757385,6.203810585247994e-08
80,0.5588722229003906,0.1887756884098053,0.27507445216178894,6.07962704179954e-08
81,0.5588878989219666,0.18819184601306915,0.2750609815120697,5.9553883602347923e-08
82,0.5589040517807007,0.18760144710540771,0.2750473916530609,5.831133194078575e-08
83,0.558920681476593,0.18700435757637024,0.2750336229801178,5.706886554435187e-08
84,0.5589377880096436,0.1864004284143448,0.27501970529556274,5.5826774314482464e-08
85,0.5589553117752075,0.18578952550888062,0.27500566840171814,5.458532541524619e-08
86,0.5589731931686401,0.1851714849472046,0.2749914526939392,5.334477464202792e-08
87,0.5589914321899414,0.18454615771770477,0.27497708797454834,5.210545737099892e-08
88,0.5590100288391113,0.18391337990760803,0.27496254444122314,5.086756118544145e-08
89,0.5590289235115051,0.18327300250530243,0.274947851896286,4.963138735547546e-08
90,0.5590481162071228,0.18262483179569244,0.27493301033973694,4.839724851990468e-08
91,0.5590676069259644,0.18196870386600494,0.2749180197715759,4.7165352157207964e-08
92,0.5590873956680298,0.1813044399023056,0.2749028503894806,4.593596258928301e-08
93,0.5591074228286743,0.1806318461894989,0.2748875021934509,4.470937824407884e-08
94,0.559127688407898,0.17995071411132812,0.27487197518348694,4.3485852074809376e-08
95,0.5591481924057007,0.17926083505153656,0.27485623955726624,4.226565124554327e-08
96,0.5591689348220825,0.1785619854927063,0.274840384721756,4.104904292034917e-08
97,0.5591898560523987,0.17785392701625824,0.2748242914676666,3.9836299947637604e-08
98,0.559211015701294,0.17713642120361328,0.27480798959732056,3.862770370233193e-08
99,0.5592323541641235,0.17640921473503113,0.2747914493083954,3.742355829672306e-08
100,0.5592538714408875,0.1756720244884491,0.2747747302055359,3.622409963099927e-08
101,0.5592756271362305,0.1749245673418045,0.2747577726840973,3.502964318613522e-08
102,0.5592975616455078,0.17416653037071228,0.2747405767440796,3.3840476021396175e-08
103,0.5593196749687195,0.17339758574962616,0.2747230529785156,3.265690509124397e-08
104,0.5593419671058655,0.17261739075183868,0.27470529079437256,3.147919471757632e-08
105,0.5593644380569458,0.17182557284832,0.2746872305870056,3.030768596090639e-08
106,0.5593870878219604,0.1710217297077179,0.2746688425540924,2.914265735398658e-08
107,0.5594099164009094,0.17020545899868011,0.27465012669563293,2.7984484063381387e-08
108,0.5594329237937927,0.16937628388404846,0.27463099360466003,2.683339914710814e-08
109,0.5594561696052551,0.16853374242782593,0.2746114134788513,2.568981756212452e-08
110,0.5594795942306519,0.16767729818820953,0.27459147572517395,2.4554060473747088e-08
111,0.5595031976699829,0.1668063849210739,0.2745710015296936,2.3426466100318066e-08
112,0.5595269799232483,0.16592039167881012,0.2745499908924103,2.230739823971817e-08
113,0.5595510005950928,0.16501866281032562,0.274528443813324,2.1197251953708474e-08
114,0.5595752000808716,0.16410046815872192,0.27450618147850037,2.0096402408853466e-08
115,0.5595996379852295,0.16316503286361694,0.27448326349258423,1.900528872056384e-08
116,0.5596243143081665,0.16221149265766144,0.27445945143699646,1.7924352846421246e-08
117,0.5596491694450378,0.1612389087677002,0.2744348347187042,1.6854058060289392e-08
118,0.5596743226051331,0.16024622321128845,0.2744091749191284,1.5794931584878213e-08
119,0.5596997141838074,0.1592322736978531,0.2743823826313019,1.4747516274837836e-08
120,0.5597253441810608,0.15819577872753143,0.2743541896343231,1.371247009274157e-08
121,0.5597512722015381,0.15713529288768768,0.27432459592819214,1.2690456685504614e-08
122,0.5597774982452393,0.15604917705059052,0.27429327368736267,1.1682283229674796e-08
123,0.5598040223121643,0.1549355834722519,0.27425992488861084,1.0688858509411148e-08
124,0.559830904006958,0.1537923812866211,0.2742242217063904,9.711258286415615e-09
125,0.5598581433296204,0.15261712670326233,0.2741857171058655,8.750749458386053e-09
126,0.5598857998847961,0.15140695869922638,0.2741439640522003,7.808892377170197e-09
127,0.5599139332771301,0.15015849471092224,0.27409812808036804,6.887567138846862e-09
128,0.5599425435066223,0.14886771142482758,0.27404752373695374,5.3413776868183055e-08
129,0.5599672794342041,0.14775823056697845,0.2739909589290619,5.271584768706816e-08
130,0.5599884986877441,0.14681105315685272,0.2739284634590149,5.1018145086345616e-08
131,0.5600064396858215,0.14600960910320282,0.2738598883152008,4.852014399148175e-08
132,0.5600213408470154,0.1453394740819931,0.2737850546836853,4.5403618287309656e-08
133,0.5600333213806152,0.14478802680969238,0.2737036645412445,4.183033013305249e-08
134,0.5600426197052002,0.144344300031662,0.27361544966697693,3.794138763169031e-08
135,0.5600494146347046,0.14399880170822144,0.27352002263069153,3.38584328574143e-08
136,0.5600538849830627,0.1437433958053589,0.2734167277812958,2.968529884128657e-08
137,0.560056209564209,0.14357121288776398,0.27330493927001953,2.551040267917415e-08
138,0.5600566267967224,0.14347663521766663,0.2731834053993225,2.1409131534255724e-08
139,0.5600553750991821,0.14345534145832062,0.2730507552623749,1.744686244364857e-08
140,0.560052752494812,0.14350439608097076,0.2729046046733856,1.3682235078249506e-08
141,0.5600489377975464,0.14362257719039917,0.2727414667606354,1.0171089570576442e-08
142,0.5600442886352539,0.14381097257137299,0.272555410861969,6.972963007001454e-09
143,0.5600389838218689,0.14407433569431305,0.27233588695526123,2.729977488513669e-09
144,0.5600355267524719,0.14417392015457153,0.2721015512943268,2.8700188892116785e-09
145,0.5600334405899048,0.14414460957050323,0.2718667984008789,2.998590531433365e-09
146,0.560032308101654,0.1440170556306839,0.27165260910987854,3.1101063058258663e-09
147,0.5600318908691406,0.1438167542219162,0.2714802324771881,3.179600938096883e-09
148,0.5600320100784302,0.14356312155723572,0.27041739225387573,1.695228888820566e-07
149,0.5600326657295227,0.14333359897136688,0.25198182463645935,3.0359962693182753e-06
150,0.5600465536117554,0.14316044747829437,0.21766400337219238,9.032154775923119e-06
151,0.5600994825363159,0.1430494487285614,0.18275168538093567,1.751551899360493e-05
152,0.5602096319198608,0.14299096167087555,0.15340204536914825,2.5442728656344116e-05
153,0.5603849291801453,0.14297397434711456,0.13016696274280548,3.233525494579226e-05
154,0.5606245398521423,0.14298880100250244,0.11206821352243423,3.542085469234735e-05
155,0.5609259605407715,0.14302867650985718,0.09791671484708786,4.014555888716132e-05
156,0.5612807869911194,0.14308734238147736,0.08681513369083405,4.180172400083393e-05
157,0.5616823434829712,0.14316058158874512,0.07802245020866394,4.451034765224904e-05
158,0.5621224045753479,0.14324477314949036,0.07102752476930618,4.2430814937688416e-05
159,0.5625972747802734,0.1433379203081131,0.06538603454828262,4.6586271491833034e-05
160,0.5630980134010315,0.14343732595443726,0.06083793193101883,4.5688721002079546e-05
161,0.5636207461357117,0.14354167878627777,0.057141177356243134,4.526468983385712e-05
162,0.5641617178916931,0.1436498463153839,0.05411354452371597,4.520414222497493e-05
163,0.5647175312042236,0.14376088976860046,0.051616668701171875,4.538795619737357e-05
164,0.5652850270271301,0.14387404918670654,0.04954313486814499,4.570719029288739e-05
165,0.5658615827560425,0.1439886838197708,0.04780460521578789,4.310482763685286e-05
166,0.5664470195770264,0.1441047042608261,0.046334244310855865,4.4004927622154356e-05
167,0.5670387744903564,0.14422158896923065,0.04508287087082863,4.482327785808593e-05
168,0.5676348209381104,0.1443389356136322,0.0440063402056694,4.262221045792103e-05
169,0.5682355761528015,0.14445681869983673,0.04307333752512932,4.3660189840011304e-05
170,0.5688392519950867,0.14457489550113678,0.04225711524486542,4.188886377960444e-05
171,0.5694462060928345,0.1446932703256607,0.04153682291507721,4.301904991734773e-05
172,0.570054829120636,0.14481164515018463,0.04089577868580818,4.1580232209526006e-05
173,0.5706656575202942,0.14493012428283691,0.04032092168927193,4.2728518019430345e-05
174,0.5712772011756897,0.14504846930503845,0.03980056196451187,4.154278140049428e-05
175,0.5718899369239807,0.1451667845249176,0.0393267497420311,4.042346554342658e-05
176,0.5725043416023254,0.14528518915176392,0.03889117389917374,4.1676859837025404e-05
177,0.573119044303894,0.1454034298658371,0.03848854824900627,4.073175077792257e-05
178,0.5737345218658447,0.1455216258764267,0.038114164024591446,3.983420901931822e-05
179,0.5743511319160461,0.14563985168933868,0.03776327148079872,4.110854642931372e-05
180,0.5749676823616028,0.14575791358947754,0.03743312135338783,4.0329789044335485e-05
181,0.5755845308303833,0.14587588608264923,0.03712092339992523,3.958515007980168e-05
182,0.5762020945549011,0.14599387347698212,0.03682398051023483,4.08430612878874e-05
183,0.5768192410469055,0.14611166715621948,0.03654054179787636,4.017904866486788e-05
184,0.5774363875389099,0.1462293416261673,0.03626905009150505,3.9539602585136894e-05
185,0.578053891658783,0.14634700119495392,0.036007996648550034,4.07698389608413e-05
186,0.5786706805229187,0.14646443724632263,0.03575604036450386,4.018512845505029e-05
187,0.5792871713638306,0.1465817540884018,0.03551236912608147,3.9618302253074944e-05
188,0.5799037218093872,0.14669901132583618,0.035276103764772415,3.906768979504705e-05
189,0.5805206298828125,0.14681628346443176,0.03504638001322746,4.029200354125351e-05
190,0.5811368823051453,0.14693337678909302,0.034822624176740646,3.9774482138454915e-05
191,0.5817528367042542,0.1470503807067871,0.03460429608821869,3.9269149419851607e-05
192,0.5823688507080078,0.1471673548221588,0.03439096361398697,4.046385874971748e-05
193,0.5829839110374451,0.1472841203212738,0.034181952476501465,3.9981017471291126e-05
194,0.5835984349250793,0.14740075170993805,0.033977117389440536,3.950757964048535e-05
195,0.5842127203941345,0.14751732349395752,0.03377616032958031,3.904262266587466e-05
196,0.5848271250724792,0.147633895277977,0.03357882797718048,4.0231036837212745e-05
197,0.5854406356811523,0.14775028824806213,0.033384665846824646,3.9779194048605865e-05
198,0.5860536098480225,0.14786657691001892,0.033193591982126236,3.9334213943220676e-05
199,0.5866664052009583,0.14798282086849213,0.03300545737147331,3.8895470788702374e-05
200,0.5872793197631836,0.14809907972812653,0.032820139080286026,4.0062310290522873e-05
201,0.5878913998603821,0.1482151746749878,0.03263731300830841,3.9630910032428806e-05
202,0.5885029435157776,0.1483311653137207,0.03245694190263748,3.920481831301004e-05
203,0.5891143083572388,0.14844712615013123,0.03227897733449936,3.878352290485055e-05
204,0.5897257328033447,0.14856310188770294,0.03210335969924927,3.997560124844313e-05
205,0.5903363227844238,0.14867892861366272,0.03192977234721184,3.955767897423357e-05
206,0.5909463763237,0.14879465103149414,0.03175822272896767,3.9144084439612925e-05
207,0.591556191444397,0.14891034364700317,0.03158871829509735,4.027848481200636e-05
208,0.5921648740768433,0.1490258425474167,0.03142096847295761,4.132564354222268e-05
209,0.5927717685699463,0.14914101362228394,0.03125486522912979,4.091292794328183e-05
210,0.5933772921562195,0.14925594627857208,0.031090429052710533,4.050435964018107e-05
211,0.5939818024635315,0.1493707001209259,0.030927695333957672,4.0099630132317544e-05
212,0.594585657119751,0.14948534965515137,0.030766701325774193,3.969835233874619e-05
213,0.5951891541481018,0.14959995448589325,0.03060746006667614,3.930020611733198e-05
214,0.5957925319671631,0.14971457421779633,0.03044997900724411,3.890494117513299e-05
215,0.5963960886001587,0.14982925355434418,0.03029426373541355,4.0204665856435896e-05
216,0.5969987511634827,0.1499437838792801,0.030140060931444168,3.980680776294321e-05
217,0.5976008772850037,0.15005823969841003,0.02998744510114193,3.9411918260157114e-05
218,0.5982027649879456,0.15017268061637878,0.02983642928302288,3.901980817317963e-05
219,0.5988047122955322,0.15028715133666992,0.029687045142054558,3.863015444949269e-05
220,0.599406898021698,0.15040171146392822,0.02953931875526905,3.824282030109316e-05
221,0.600009560585022,0.15051639080047607,0.02939329482614994,3.78575612558052e-05
222,0.6006129384040833,0.15063123404979706,0.029248982667922974,3.74741735868156e-05
223,0.6012171506881714,0.15074628591537476,0.029106425121426582,3.7092543789185586e-05
224,0.6018224358558655,0.15086156129837036,0.028965622186660767,3.671251179184765e-05
225,0.6024289131164551,0.15097710490226746,0.028826573863625526,3.6333937896415594e-05
226,0.6030367612838745,0.15109294652938843,0.028689296916127205,3.595669695641845e-05
227,0.6036460995674133,0.15120911598205566,0.028553830459713936,3.55806783773005e-05
228,0.6042570471763611,0.15132562816143036,0.028420142829418182,3.5205806489102544e-05
229,0.6048697829246521,0.1514425128698349,0.028288250789046288,3.483196196611971e-05
230,0.6054843664169312,0.15155978500843048,0.028158176690340042,3.445908077992499e-05
231,0.606100857257843,0.1516774743795395,0.0280299112200737,3.4087098902091385e-05
232,0.606719434261322,0.15179559588432312,0.027903465554118156,3.371594357304275e-05
233,0.6073401570320129,0.15191417932510376,0.027778828516602516,3.334555658511818e-05
234,0.6079631447792053,0.1520332396030426,0.02765599451959133,3.297584771644324e-05
235,0.608588457107544,0.15215279161930084,0.02753499709069729,3.2606808235868816e-05
236,0.6092162132263184,0.15227286517620087,0.027415810152888298,3.223835374228657e-05
237,0.6098464727401733,0.15239346027374268,0.027298444882035255,3.1870469683781266e-05
238,0.6104792952537537,0.15251460671424866,0.027182888239622116,3.15030716592446e-05
239,0.6111147999763489,0.1526363343000412,0.027069151401519775,3.2970882602967326e-05
240,0.6117511987686157,0.15275828540325165,0.02695680595934391,3.259357181377709e-05
241,0.6123887896537781,0.15288051962852478,0.0268459040671587,3.22178500937298e-05
242,0.6130277514457703,0.15300308167934418,0.02673647738993168,3.1843563192524016e-05
243,0.6136682629585266,0.15312601625919342,0.02662857063114643,3.147056850139052e-05
244,0.6143105626106262,0.1532493680715561,0.026522193104028702,3.109872632194311e-05
245,0.6149547696113586,0.15337316691875458,0.026417380198836327,3.072793479077518e-05
246,0.615601122379303,0.15349744260311127,0.02631414495408535,3.0358054209500553e-05
247,0.6162497401237488,0.15362223982810974,0.0262125376611948,2.9989020549692214e-05
248,0.6169007420539856,0.1537475883960724,0.026112545281648636,2.9620761051774028e-05
249,0.6175543069839478,0.1538735181093216,0.026014184579253197,2.925315930042416e-05
250,0.6182105541229248,0.15400005877017975,0.025917474180459976,2.8886154177598657e-05
251,0.6188696026802063,0.15412722527980804,0.025822436437010765,2.8519713669084013e-05
252,0.6195316314697266,0.15425506234169006,0.025729071348905563,2.8153721359558403e-05
253,0.6201967000961304,0.1543835997581482,0.025637386366724968,2.7788174338638783e-05
254,0.620864987373352,0.15451285243034363,0.02554737962782383,2.7422988205216827e-05
255,0.6215365529060364,0.15464285016059875,0.025459086522459984,2.7058128034695985e-05
256,0.6222115755081177,0.15477362275123596,0.025372494012117386,2.6693541440181437e-05
257,0.6228901147842407,0.15490520000457764,0.025287605822086334,2.6329170214012266e-05
258,0.6235722899436951,0.15503761172294617,0.025204449892044067,2.5965037639252842e-05
259,0.624258279800415,0.15517088770866394,0.025123005732893944,2.560103894211352e-05
260,0.6249481439590454,0.15530504286289215,0.02504328452050686,2.5237191584892572e-05
261,0.6256420016288757,0.15544010698795319,0.0249653123319149,2.4873437359929086e-05
262,0.6263399720191956,0.15557610988616943,0.02488906867802143,2.4509761715307832e-05
263,0.6270421743392944,0.15571309626102448,0.024814555421471596,2.4146155919879678e-05
264,0.6277487277984619,0.1558510810136795,0.02474180981516838,2.3782569041941318e-05
265,0.6284597516059875,0.1559900939464569,0.024670813232660294,2.341896761208773e-05
266,0.6291754245758057,0.15613016486167908,0.024601565673947334,2.3055357451085003e-05
267,0.629895806312561,0.1562713384628296,0.02453407645225525,2.269170799991116e-05
268,0.630621075630188,0.15641364455223083,0.02446836605668068,2.23280192585662e-05
269,0.6313513517379761,0.1565571129322052,0.024404427036643028,2.1964247571304442e-05
270,0.6320867538452148,0.15670177340507507,0.024342263117432594,2.160037693101913e-05
271,0.6328274607658386,0.15684767067432404,0.02428188920021057,2.1236398606561127e-05
272,0.633573591709137,0.15699484944343567,0.02422332763671875,2.0872293680440636e-05
273,0.6343253254890442,0.15714333951473236,0.024166565388441086,2.0508053421508524e-05
274,0.6350828409194946,0.1572931855916977,0.024111611768603325,2.0143647270742806e-05
275,0.6358462572097778,0.15744443237781525,0.02405848167836666,1.977908832486719e-05
276,0.6366158127784729,0.1575971245765686,0.024007175117731094,1.9414338748902085e-05
277,0.6373916268348694,0.15775130689144135,0.023957718163728714,1.90494058188051e-05
278,0.6381739377975464,0.15790702402591705,0.023910116404294968,1.868427061708644e-05
279,0.6389629244804382,0.1580643355846405,0.02386441081762314,1.831891277106479e-05
280,0.6397587656974792,0.15822330117225647,0.023820584639906883,1.795336283976212e-05
281,0.6405616998672485,0.15838396549224854,0.023778656497597694,1.7587575712241232e-05
282,0.6413719058036804,0.15854638814926147,0.023738661780953407,1.7221563030034304e-05
283,0.6421896815299988,0.15871062874794006,0.02370060235261917,1.6855298599693925e-05
284,0.6430152654647827,0.15887674689292908,0.023664504289627075,1.6488794062752277e-05
285,0.6438488960266113,0.15904481709003448,0.02363036945462227,1.6122062515933066e-05
286,0.6446908116340637,0.15921489894390106,0.02359825000166893,1.5755074855405837e-05
287,0.6455413103103638,0.15938708186149597,0.023568151518702507,1.5387854364234955e-05
288,0.6464007496833801,0.15956144034862518,0.02354012243449688,1.5020380669739098e-05
289,0.6472693681716919,0.15973804891109467,0.02351418510079384,1.465266541345045e-05
290,0.6481475234031677,0.15991701185703278,0.02349037490785122,1.4284718781709671e-05
291,0.6490355730056763,0.16009840369224548,0.02346869371831417,1.391654514009133e-05
292,0.649933934211731,0.16028232872486115,0.02344922348856926,1.3548134302254767e-05
293,0.6508429646492004,0.16046889126300812,0.023431990295648575,1.3179505185689778e-05
294,0.6517630815505981,0.16065821051597595,0.023417020216584206,1.2810667976737023e-05
295,0.6526947021484375,0.160850390791893,0.023404384031891823,1.2441654689610004e-05
296,0.6536383032798767,0.16104555130004883,0.023394115269184113,1.2072471872670577e-05
297,0.6545944213867188,0.16124384105205536,0.023386292159557343,1.1703145719366149e-05
298,0.6555635333061218,0.16144539415836334,0.02338094264268875,1.1333698785165326e-05
299,0.6565462946891785,0.16165035963058472,0.02337815798819065,1.0964161629090087e-05
300,0.6575432419776917,0.16185890138149261,0.02337801083922386,1.0594550985842943e-05
301,0.6585550904273987,0.16207119822502136,0.023380545899271965,1.0224937432212756e-05
302,0.6595824956893921,0.16228744387626648,0.023385869339108467,9.855331882135943e-06
303,0.660626232624054,0.1625078320503235,0.023394079878926277,9.48579763644375e-06
304,0.6616871953010559,0.1627325862646103,0.02340526506304741,9.116380533669144e-06
305,0.6627662181854248,0.162961944937706,0.023419538512825966,8.747142419451848e-06
306,0.663864254951477,0.1631961613893509,0.023437002673745155,8.378165512112901e-06
307,0.6649823784828186,0.16343551874160767,0.023457804694771767,8.009529119590298e-06
308,0.6661217212677002,0.1636803299188614,0.02348208799958229,7.641322008566931e-06
309,0.6672835946083069,0.16393092274665833,0.02351001463830471,7.273662777151913e-06
310,0.6684693694114685,0.16418768465518951,0.023541752249002457,6.906656926730648e-06
311,0.6696805357933044,0.1644510179758072,0.02357749454677105,6.540440517710522e-06
312,0.6709188222885132,0.16472136974334717,0.023617474362254143,6.175177259137854e-06
313,0.6721861362457275,0.16499926149845123,0.02366192452609539,5.811037044622936e-06
314,0.6734845638275146,0.16528525948524475,0.023711146786808968,5.448236697702669e-06
315,0.6748165488243103,0.16558000445365906,0.02376544289290905,5.087003955850378e-06
316,0.6761847734451294,0.16588422656059265,0.023825164884328842,4.727611303678714e-06
317,0.6775922775268555,0.1661987602710724,0.023890726268291473,4.3703828850993885e-06
318,0.679042637348175,0.16652455925941467,0.02396261692047119,4.015694503323175e-06
319,0.6805399060249329,0.16686272621154785,0.02404138445854187,3.663993993541226e-06
320,0.6820889115333557,0.1672145575284958,0.02412768267095089,3.315796857350506e-06
321,0.683695375919342,0.16758160293102264,0.02422226034104824,2.971740468638018e-06
322,0.6853660345077515,0.16796569526195526,0.02432606741786003,2.632584801176563e-06
323,0.6871091723442078,0.1683690845966339,0.02444024570286274,2.299266816407908e-06
324,0.6889350414276123,0.16879455745220184,0.024566205218434334,1.972947575268336e-06
325,0.6908566355705261,0.169245645403862,0.024705762043595314,1.6551073713344522e-06
326,0.6928908824920654,0.16972695291042328,0.02486122027039528,1.3476562344294509e-06
327,0.6950605511665344,0.1702447086572647,0.02503579668700695,1.0531450243433937e-06
328,0.6973978281021118,0.17080768942832947,0.02523394115269184,7.750881195534021e-07
329,0.6999510526657104,0.17142915725708008,0.02546241506934166,5.186172529647593e-07
330,0.702800452709198,0.17213113605976105,0.025732403621077538,2.917691290349467e-07
331,0.7061020135879517,0.17295660078525543,0.026065552607178688,1.0889484656217974e-07
332,0.710279107093811,0.17402322590351105,0.026519911363720894,3.762329470191617e-09
333,0.7198970317840576,0.1767563670873642,0.027657996863126755,3.3787580377975246e-07
334,0.7279045581817627,0.1790199726819992,0.028594350442290306,1.2287454410397915e-06
335,0.7347722053527832,0.18094998598098755,0.02938583493232727,2.417456744296942e-06
336,0.7407101988792419,0.18260756134986877,0.030057333409786224,3.7485093344002963e-06
337,0.7458578944206238,0.18403330445289612,0.030625570565462112,3.962247865274549e-06
338,0.7502967715263367,0.18524985015392303,0.03110087662935257,5.1527007599361244e-06
339,0.7541201114654541,0.18628470599651337,0.03149498254060745,6.2886290834285326e-06
340,0.7574043869972229,0.1871604174375534,0.03181760013103485,7.3405775765422735e-06
341,0.7602138519287109,0.1878959685564041,0.03207707777619362,8.291229460155592e-06
342,0.7626035213470459,0.1885075718164444,0.032280609011650085,9.131681872531772e-06
343,0.7646209001541138,0.18900926411151886,0.03243451565504074,9.858924750005827e-06
344,0.7663072943687439,0.18941324949264526,0.0325443334877491,1.0473935253685342e-05
345,0.7676988840103149,0.1897302120923996,0.03261493891477585,1.0980381193803624e-05
346,0.7688273787498474,0.1899695247411728,0.03265063092112541,1.1383663513697684e-05
347,0.7697206139564514,0.19013945758342743,0.03265520557761192,1.1690225073834882e-05
348,0.770403265953064,0.1902472972869873,0.03263205289840698,1.1907093721674755e-05
349,0.7708969712257385,0.19029946625232697,0.032584115862846375,1.204148429678753e-05
350,0.7712209224700928,0.19030165672302246,0.0325140580534935,1.2100597814423963e-05
351,0.7713919878005981,0.19025889039039612,0.0324242040514946,1.2091426469851285e-05
352,0.771425187587738,0.1901756078004837,0.03231663256883621,1.202068160637282e-05
353,0.7713336944580078,0.1900557428598404,0.0321931391954422,1.1894694034708664e-05
354,0.7711291313171387,0.18990276753902435,0.032055389136075974,1.1719390749931336e-05
355,0.770821750164032,0.18971973657608032,0.03190477564930916,1.150026946561411e-05
356,0.7704205513000488,0.1895093470811844,0.03174255043268204,1.1242410982958974e-05
357,0.7699334025382996,0.18927396833896637,0.031569842249155045,1.0950483556371182e-05
358,0.7693672180175781,0.18901567161083221,0.03138759359717369,1.0628766904119403e-05
359,0.7687280178070068,0.18873625993728638,0.031196661293506622,1.0281172581017018e-05
360,0.7680209279060364,0.18843728303909302,0.030997786670923233,9.911237430060283e-06
361,0.7672503590583801,0.18812009692192078,0.030791588127613068,9.522223990643397e-06
362,0.7664200663566589,0.18778583407402039,0.03057863563299179,9.117074660025537e-06
363,0.7655331492424011,0.18743546307086945,0.030359363183379173,8.698482997715474e-06
364,0.7645921111106873,0.18706974387168884,0.030134154483675957,8.268894453067332e-06
365,0.7635988593101501,0.1866893172264099,0.029903344810009003,7.830558752175421e-06
366,0.7625548243522644,0.18629463016986847,0.02966713160276413,7.38553935661912e-06
367,0.7614609003067017,0.18588599562644958,0.029425708577036858,6.935720011824743e-06
368,0.7603174448013306,0.1854635626077652,0.029179178178310394,6.482884055003524e-06
369,0.7591242790222168,0.1850273460149765,0.02892758511006832,6.028673305991106e-06
370,0.7578806281089783,0.18457718193531036,0.028670871630311012,5.574653914663941e-06
371,0.7565852403640747,0.1841127574443817,0.028408976271748543,5.122342554386705e-06
372,0.7552361488342285,0.18363356590270996,0.02814168483018875,4.673198418458924e-06
373,0.75383061170578,0.1831388920545578,0.027868760749697685,4.228687612339854e-06
374,0.7523650527000427,0.18262776732444763,0.027589820325374603,3.7902664189459756e-06
375,0.7508348226547241,0.18209894001483917,0.027304375544190407,3.3594926208024846e-06
376,0.7492340803146362,0.1815507858991623,0.027011800557374954,2.938002762675751e-06
377,0.7475551962852478,0.18098123371601105,0.02671126462519169,2.5276101951021704e-06
378,0.7457883358001709,0.18038755655288696,0.026401670649647713,2.130344364559278e-06
379,0.7439206838607788,0.1797662079334259,0.026081575080752373,1.7486177966929973e-06
380,0.7419348955154419,0.17911235988140106,0.025749048218131065,1.3853437849320472e-06
381,0.7398068904876709,0.1784193217754364,0.02540135383605957,1.0442464372317773e-06
382,0.737501323223114,0.1776772290468216,0.025034459307789803,7.302878202608554e-07
383,0.734962522983551,0.17687052488327026,0.024641964584589005,9.173451871902217e-07
384,0.7322655320167542,0.17602291703224182,0.024232972413301468,5.846801741427044e-07
385,0.7293264269828796,0.17511127889156342,0.02379770204424858,3.0800699732935757e-07
386,0.7259830236434937,0.17409104108810425,0.02331726811826229,1.0104588454851182e-07
387,0.721773087978363,0.17283442616462708,0.02273755893111229,4.902430905673327e-10
388,0.7066506147384644,0.16721537709236145,0.020619142800569534,1.4220883713278455e-06
389,0.6932368874549866,0.16222330927848816,0.018798349425196648,5.253296694718302e-06
390,0.6812524795532227,0.15775653719902039,0.01722400262951851,1.0834967542905361e-05
391,0.6705200672149658,0.15375037491321564,0.01586032100021839,1.7644782201386987e-05
392,0.6608980894088745,0.15015314519405365,0.014677848666906357,2.5264060241170228e-05
393,0.6522663235664368,0.14692090451717377,0.013651437126100063,3.336011723149568e-05
394,0.644520103931427,0.1440153419971466,0.012759466655552387,4.1672191582620147e-05
395,0.6375671029090881,0.14140264689922333,0.011983329430222511,4.999942029826343e-05
396,0.6313254237174988,0.13905280828475952,0.011306984350085258,5.819043144583702e-05
397,0.6257221102714539,0.13693904876708984,0.010716672986745834,6.613410660065711e-05
398,0.6206920146942139,0.13503745198249817,0.01020057313144207,7.375183049589396e-05
399,0.6161768436431885,0.13332660496234894,0.009748549200594425,8.099080878309906e-05
400,0.6121244430541992,0.1317872852087021,0.009351910091936588,8.781866054050625e-05
401,0.6084879636764526,0.13040228188037872,0.009003200568258762,9.421877330169083e-05
402,0.6052254438400269,0.12915609776973724,0.008696047589182854,0.00010018660686910153
403,0.602299153804779,0.1280348300933838,0.008424969390034676,0.00010572667233645917
404,0.5996752381324768,0.12702599167823792,0.008185257203876972,0.0001108500873669982
405,0.5973232984542847,0.12611834704875946,0.007972887717187405,0.00011557257967069745
406,0.5952160358428955,0.125301793217659,0.007784364279359579,0.00011991324136033654
407,0.5933288335800171,0.12456723302602768,0.007616691756993532,0.00012389295734465124
408,0.5916396379470825,0.12390648573637009,0.007467283401638269,0.00012753376504406332
409,0.5901285409927368,0.12331219762563705,0.007333897985517979,0.0001308581093326211
410,0.5887777209281921,0.12277775257825851,0.007214596960693598,0.00013388836523517967
411,0.5875711441040039,0.12229718267917633,0.0071076899766922,0.00013664619764313103
412,0.5864943265914917,0.12186512351036072,0.007011717185378075,0.00013915274757891893
413,0.5855342745780945,0.12147674709558487,0.006925397086888552,0.0001414279919117689
414,0.5846793055534363,0.12112770974636078,0.006847616750746965,0.0001434909296222031
415,0.5839189291000366,0.12081409245729446,0.006777399685233831,0.0001453594071790576
416,0.5832436680793762,0.12053237110376358,0.006713892798870802,0.00014705008361488582
417,0.5826449990272522,0.12027937173843384,0.0066563431173563,0.00014857848873361945
418,0.5821152329444885,0.12005224078893661,0.0066040921956300735,0.000149958988185972
419,0.581647515296936,0.11984840780496597,0.006556556094437838,0.0001512048183940351
420,0.5812355875968933,0.11966554820537567,0.006513223052024841,0.00015232827281579377
421,0.580873966217041,0.11950158327817917,0.006473634857684374,0.00015334051568061113
422,0.5805575251579285,0.11935463547706604,0.006437391042709351,0.00015425196615979076
423,0.5802817940711975,0.11922300606966019,0.006404138170182705,0.00015507183270528914
424,0.5800427198410034,0.11910517513751984,0.006373557262122631,0.00015580871840938928
425,0.5798366069793701,0.11899977922439575,0.00634537311270833,0.0001564704813063145
426,0.579660177230835,0.11890557408332825,0.006319326348602772,0.0001570643507875502
427,0.5795104503631592,0.11882144957780838,0.006295197177678347,0.00015759661328047515
428,0.5793848037719727,0.11874639987945557,0.006272791884839535,0.0001580732990987599
429,0.5792807936668396,0.11867953091859818,0.006251932587474585,0.0001584997051395476
430,0.5791962742805481,0.11862002313137054,0.006232457235455513,0.0001588807092048228
431,0.5791292786598206,0.11856715381145477,0.006214226596057415,0.00015922057209536434
432,0.5790780782699585,0.11852025240659714,0.0061971163377165794,0.00015952339163050056
433,0.579041063785553,0.11847873777151108,0.006181007716804743,0.00015979281160980464
434,0.5790168642997742,0.11844206601381302,0.006165803875774145,0.0001600319752469659
435,0.579004168510437,0.11840976029634476,0.006151413079351187,0.0001602439326234162
436,0.5790018439292908,0.11838138848543167,0.006137752439826727,0.00016043122159317138
437,0.5790088176727295,0.11835655570030212,0.006124748382717371,0.00016059644985944033
438,0.5790241956710815,0.11833491176366806,0.006112338043749332,0.000160741584841162
439,0.5790471434593201,0.11831614375114441,0.006100460886955261,0.00016086868708953261
440,0.579076886177063,0.11829996109008789,0.0060890656895935535,0.00016097953775897624
441,0.5791127681732178,0.11828611046075821,0.006078103091567755,0.00016107577830553056
442,0.5791541934013367,0.11827436089515686,0.0060675316490232944,0.00016115873586386442
443,0.5792005658149719,0.11826450377702713,0.006057309918105602,0.00016122981905937196
444,0.5792514085769653,0.1182563453912735,0.006047408562153578,0.00016129019204527142
445,0.5793063044548035,0.11824972182512283,0.006037792190909386,0.00016134087927639485
446,0.5793648362159729,0.1182444840669632,0.006028434727340937,0.000161382753867656
447,0.5794265866279602,0.11824049055576324,0.006019309163093567,0.00016141700325533748
448,0.5794913172721863,0.11823762208223343,0.006010395009070635,0.00016144399996846916
449,0.5795586705207825,0.1182357668876648,0.006001673638820648,0.00016146472189575435
450,0.5796284079551697,0.11823482066392899,0.0059931217692792416,0.00016147968126460911
451,0.5797002911567688,0.11823469400405884,0.005984729155898094,0.0001614895067177713
452,0.5797741413116455,0.11823531240224838,0.0059764753095805645,0.0001614946871995926
453,0.5798497200012207,0.11823659390211105,0.0059683481231331825,0.00016149570001289248
454,0.5799269080162048,0.11823847889900208,0.00596033688634634,0.00016149291768670083
455,0.5800054669380188,0.11824090778827667,0.005952431354671717,0.00016148687573149802
456,0.5800853371620178,0.11824382096529007,0.005944621283560991,0.0001614776556380093
457,0.5801663398742676,0.11824718117713928,0.005936895497143269,0.00016146579291671516
458,0.5802483558654785,0.11825093626976013,0.005929247941821814,0.00016145142726600172
459,0.5803313255310059,0.11825504899024963,0.005921670701354742,0.0001614348962903023
460,0.5804151296615601,0.1182594820857048,0.005914165172725916,0.00016141637461259962
461,0.5804997086524963,0.11826421320438385,0.0059067136608064175,0.00016139610670506954
462,0.5805850028991699,0.11826920509338379,0.005899316165596247,0.00016137416241690516
463,0.5806708931922913,0.11827443540096283,0.005891971290111542,0.00016135082114487886
464,0.5807573199272156,0.11827988177537918,0.0058846669271588326,0.00016132622258737685
465,0.5808442831039429,0.11828552186489105,0.005877404939383268,0.0001613004831597209
466,0.5809316635131836,0.11829133331775665,0.005870180204510689,0.00016127380076795818
467,0.5810194611549377,0.11829730123281479,0.005862988531589508,0.00016124611720442773
468,0.5811076760292053,0.11830341815948486,0.0058558303862810135,0.00016121766529977324
469,0.5811961889266968,0.11830966174602509,0.005848701577633619,0.00016118844505399468
470,0.5812849998474121,0.11831602454185486,0.00584159791469574,0.00016115856124088168
471,0.5813741087913513,0.11832249164581299,0.005834520328789949,0.00016112811863422394
472,0.5814634561538696,0.11832905560731888,0.0058274660259485245,0.00016109722200781108
473,0.581553041934967,0.11833570152521133,0.005820431746542454,0.00016106582479551436
474,0.5816428065299988,0.11834242939949036,0.0058134193532168865,0.00016103406669571997
475,0.5817327499389648,0.11834923177957535,0.005806426052004099,0.00016100193606689573
476,0.5818228721618652,0.11835609376430511,0.005799449514597654,0.00016096952604129913
477,0.5819131731987,0.11836301535367966,0.005792488809674978,0.00016093682497739792
478,0.5820035934448242,0.11836999654769897,0.005785547196865082,0.00016090383287519218
479,0.582094132900238,0.11837702244520187,0.005778617691248655,0.00016087063122540715
480,0.5821847915649414,0.11838409304618835,0.0057717012241482735,0.00016083727823570373
481,0.5822755694389343,0.11839120835065842,0.005764798726886511,0.00016080382047221065
482,0.5823664665222168,0.11839836090803146,0.005757906008511782,0.00016077019972726703
483,0.582457423210144,0.1184055432677269,0.0057510267943143845,0.00016073656734079124
484,0.5825484395027161,0.11841275542974472,0.005744155962020159,0.00016070281853899362
485,0.5826395750045776,0.11841999739408493,0.005737298168241978,0.0001606689183972776
486,0.582730770111084,0.11842726916074753,0.0057304492220282555,0.00016063505318015815
487,0.5828220248222351,0.11843456327915192,0.005723610054701567,0.0001606011297553778
488,0.582913339138031,0.1184418797492981,0.005716781131923199,0.00016056712483987213
489,0.5830046534538269,0.11844921857118607,0.0057099610567092896,0.0001605332479812205
490,0.5830960273742676,0.11845657229423523,0.005703148897737265,0.00016049930127337575
491,0.583187460899353,0.11846394836902618,0.005696347914636135,0.00016046533128246667
492,0.5832789540290833,0.11847133934497833,0.005689552053809166,0.00016043143114075065
493,0.5833704471588135,0.11847874522209167,0.005682768300175667,0.0001603975659236312
494,0.5834619998931885,0.11848616600036621,0.00567599106580019,0.0001603636657819152
495,0.5835535526275635,0.11849360167980194,0.005669219885021448,0.0001603298936970532
496,0.5836451649665833,0.11850104480981827,0.0056624580174684525,0.0001602960634045303
497,0.583736777305603,0.11850850284099579,0.005655704066157341,0.0001602623611688614
498,0.5838284492492676,0.1185159757733345,0.005648958031088114,0.0001602286589331925
499,0.5839201211929321,0.11852345615625381,0.005642219912260771,0.00016019504982978106
500,0.5840117931365967,0.11853094398975372,0.0056354873813688755,0.00016016147565096618
501,0.584103524684906,0.11853844672441483,0.005628764629364014,0.00016012805281206965
502,0.5841952562332153,0.11854595690965652,0.005622046999633312,0.0001600945950485766
503,0.5842869877815247,0.11855347454547882,0.005615339148789644,0.0001600612420588732
504,0.5843787789344788,0.11856099963188171,0.005608638282865286,0.00016002804040908815
505,0.5844705700874329,0.1185685321688652,0.005601942539215088,0.00015999483875930311
506,0.584562361240387,0.11857607215642929,0.005595256574451923,0.00015996175352483988
507,0.5846541523933411,0.11858361959457397,0.005588575731962919,0.00015992873813956978
508,0.5847460031509399,0.11859117448329926,0.005581903271377087,0.0001598957576788962
509,0.5848378539085388,0.11859873682260513,0.005575235467404127,0.000159862928558141
510,0.5849297046661377,0.11860630661249161,0.005568576976656914,0.00015983016928657892
511,0.5850215554237366,0.11861388385295868,0.005561923608183861,0.00015979751478880646
512,0.5851134061813354,0.11862146854400635,0.005555278621613979,0.00015976490685716272
513,0.5852052569389343,0.11862906068563461,0.0055486420169472694,0.00015973250847309828
514,0.585297167301178,0.11863666027784348,0.005542008671909571,0.00015970005188137293
515,0.5853890776634216,0.11864426732063293,0.005535383243113756,0.0001596677815541625
516,0.5854809880256653,0.1186518743634224,0.005528765264898539,0.00015963566256687047
517,0.5855728983879089,0.11865948885679245,0.005522153340280056,0.0001596035435795784
518,0.5856648087501526,0.1186671108007431,0.005515547934919596,0.0001595715992152691
519,0.5857567191123962,0.11867474019527435,0.0055089485831558704,0.00015953975962474943
520,0.5858486294746399,0.1186823770403862,0.005502357613295317,0.00015950794331729413
521,0.5859405398368835,0.11869001388549805,0.0054957750253379345,0.00015947625506669284
522,0.5860324501991272,0.11869765818119049,0.005489197559654713,0.00015944469487294555
523,0.5861244201660156,0.11870530992746353,0.005482624750584364,0.00015941327437758447
524,0.586216390132904,0.11871296912431717,0.005476063117384911,0.00015938186552375556
525,0.5863083600997925,0.1187206283211708,0.00546950614079833,0.00015935057308524847
526,0.5864003300666809,0.11872829496860504,0.00546295614913106,0.00015931946691125632
527,0.5864923000335693,0.11873596906661987,0.005456410348415375,0.00015928845386952163
528,0.5865842700004578,0.1187436431646347,0.005449874792248011,0.00015925752231851222
529,0.5866762399673462,0.11875132471323013,0.0054433452896773815,0.00015922669554129245
530,0.5867682099342346,0.11875901371240616,0.005436822306364775,0.0001591959851793945
531,0.586860179901123,0.11876670271158218,0.00543030584231019,0.00015916542615741492
532,0.5869521498680115,0.1187743991613388,0.005423796363174915,0.00015913499519228937
533,0.5870441198348999,0.11878210306167603,0.00541729386895895,0.00015910461079329254
534,0.5871360898017883,0.11878980696201324,0.005410799756646156,0.0001590743660926819
535,0.5872280597686768,0.11879751831293106,0.005404310766607523,0.00015904426109045744
536,0.5873200297355652,0.11880523711442947,0.0053978306241333485,0.0001590142259374261
537,0.5874119997024536,0.11881295591592789,0.005391357466578484,0.00015898434212431313
538,0.587503969669342,0.1188206821680069,0.005384890362620354,0.00015895453980192543
539,0.5875959396362305,0.1188284158706665,0.005378430709242821,0.00015892490046098828
540,0.5876879096031189,0.11883614957332611,0.005371978040784597,0.00015889534261077644
541,0.5877798795700073,0.11884389072656631,0.00536552956327796,0.00015886594774201513
542,0.5878718495368958,0.11885163933038712,0.005359093192964792,0.0001588365761563182
543,0.5879638195037842,0.11885938793420792,0.005352663341909647,0.00015880739083513619
544,0.5880557894706726,0.11886714398860931,0.005346240475773811,0.00015877829864621165
545,0.588147759437561,0.11887490749359131,0.005339824128895998,0.0001587493228726089
546,0.5882397294044495,0.1188826709985733,0.005333415698260069,0.00015872044023126366
547,0.5883316993713379,0.1188904419541359,0.005327014252543449,0.0001586916740052402
548,0.5884236693382263,0.11889822036027908,0.00532061792910099,0.0001586630940437317
549,0.5885156393051147,0.11890599876642227,0.005314230918884277,0.0001586345722898841
550,0.5886076092720032,0.11891378462314606,0.005307849962264299,0.00015860620187595488
551,0.5886995792388916,0.11892157047986984,0.005301474593579769,0.00015857801772654057
552,0.58879154920578,0.11892936378717422,0.005295105744153261,0.0001585498685017228
553,0.5888835191726685,0.1189371645450592,0.005288747139275074,0.00015852185897529127
554,0.5889754891395569,0.11894496530294418,0.005282395984977484,0.00015849394258111716
555,0.5890674591064453,0.11895277351140976,0.005276051349937916,0.00015846618916839363
556,0.5891594290733337,0.11896058917045593,0.005269711837172508,0.00015843848232179882
557,0.5892513990402222,0.1189684048295021,0.005263381637632847,0.00015841096173971892
558,0.5893433690071106,0.11897622793912888,0.00525705749168992,0.0001583835342898965
559,0.589435338973999,0.11898405104875565,0.0052507417276501656,0.00015835631638765337
560,0.5895272493362427,0.11899188160896301,0.005244432017207146,0.00015832913341000678
561,0.5896191596984863,0.11899971961975098,0.005238129757344723,0.00015830218326300384
562,0.58971107006073,0.11900755763053894,0.005231835413724184,0.00015827520983293655
563,0.5898029804229736,0.1190154030919075,0.005225549917668104,0.00015824835281819105
564,0.5898948907852173,0.11902324855327606,0.005219268146902323,0.0001582217635586858
565,0.5899868011474609,0.11903110146522522,0.005212996620684862,0.00015819527907297016
566,0.5900787115097046,0.11903896182775497,0.005206729751080275,0.00015816884115338326
567,0.5901706218719482,0.11904682219028473,0.005200470797717571,0.00015814258949831128
568,0.5902625322341919,0.11905469000339508,0.0051942188292741776,0.00015811645425856113
569,0.5903544425964355,0.11906255781650543,0.00518797617405653,0.0001580903888680041
570,0.5904463529586792,0.11907043308019638,0.005181740503758192,0.00015806453302502632
571,0.5905382633209229,0.11907831579446793,0.005175510887056589,0.00015803870046511294
572,0.5906301140785217,0.11908619850873947,0.005169290117919445,0.00015801305416971446
573,0.5907219648361206,0.11909408867359161,0.005163075868040323,0.0001579875475727022
574,0.5908138155937195,0.11910197883844376,0.005156870000064373,0.000157962110824883
575,0.5909056663513184,0.1191098764538765,0.0051506697200238705,0.00015793691854923964
576,0.5909975171089172,0.11911777406930923,0.005144481081515551,0.0001579117146320641
577,0.5910893678665161,0.11912567913532257,0.005138294771313667,0.0001578866969794035
578,0.591181218624115,0.1191335916519165,0.00513211777433753,0.0001578618073835969
579,0.5912730693817139,0.11914150416851044,0.005125949624925852,0.00015783709241077304
580,0.591364860534668,0.11914942413568497,0.00511978892609477,0.0001578124356456101
581,0.5914566516876221,0.1191573441028595,0.0051136319525539875,0.00015778801171109082
582,0.5915484428405762,0.11916527152061462,0.005107487551867962,0.00015776362270116808
583,0.5916402339935303,0.11917319893836975,0.005101349670439959,0.00015773933846503497
584,0.5917320251464844,0.11918113380670547,0.005095218308269978,0.000157715252134949
585,0.5918238162994385,0.1191890686750412,0.005089092534035444,0.00015769124729558825
586,0.5919156074523926,0.11919701099395752,0.005082976538687944,0.00015766744036227465
587,0.5920073390007019,0.11920496076345444,0.005076868459582329,0.00015764371491968634
588,0.5920990705490112,0.11921291053295135,0.005070765037089586,0.0001576201291754842
589,0.5921908020973206,0.11922086775302887,0.0050646718591451645,0.00015759674133732917
590,0.5922825336456299,0.11922882497310638,0.00505858613178134,0.00015757340006530287
591,0.5923742651939392,0.1192367896437645,0.00505250645801425,0.00015755021013319492
592,0.5924659967422485,0.11924475431442261,0.005046434234827757,0.00015752720646560194
593,0.5925577282905579,0.11925272643566132,0.00504037132486701,0.00015750422608107328
594,0.5926494002342224,0.11926069855690002,0.005034313071519136,0.0001574814901687205
595,0.592741072177887,0.11926867812871933,0.005028264131397009,0.00015745884738862517
596,0.5928327441215515,0.11927665770053864,0.0050222259014844894,0.00015743626281619074
597,0.5929244160652161,0.11928464472293854,0.005016192328184843,0.00015741387614980342
598,0.5930160880088806,0.11929263174533844,0.005010169465094805,0.00015739162918180228
599,0.5931077599525452,0.11930062621831894,0.005004153121262789,0.00015736945206299425
600,0.5931993722915649,0.11930862069129944,0.004998145624995232,0.00015734746120870115
601,0.5932909846305847,0.11931662261486053,0.004992145113646984,0.00015732559841126205
602,0.5933825969696045,0.11932462453842163,0.004986153915524483,0.00015730379382148386
603,0.5934742093086243,0.11933263391256332,0.004980168305337429,0.0001572822453454137
604,0.593565821647644,0.11934064328670502,0.00497419061139226,0.00015726073179394008
605,0.593657374382019,0.11934866011142731,0.004968221765011549,0.00015723936958238484
606,0.593748927116394,0.1193566843867302,0.004962257109582424,0.0001572181936353445
607,0.593840479850769,0.11936470866203308,0.0049563003703951836,0.00015719719231128694
608,0.593932032585144,0.11937274038791656,0.004950353875756264,0.00015717615606263282
609,0.594023585319519,0.11938077211380005,0.004944416228681803,0.00015715532936155796
610,0.5941150784492493,0.11938881129026413,0.004938486032187939,0.0001571346540004015
611,0.5942065715789795,0.11939685046672821,0.00493256188929081,0.00015711412997916342
612,0.5942980647087097,0.11940489709377289,0.00492664473131299,0.0001570936990901828
613,0.5943895578384399,0.11941294372081757,0.004920735489577055,0.00015707346610724927
614,0.5944810509681702,0.11942099034786224,0.004914835095405579,0.0001570532680489123
615,0.5945724844932556,0.11942904442548752,0.0049089426174759865,0.0001570332795381546
616,0.5946639180183411,0.11943709850311279,0.004903058055788279,0.00015701344236731531
617,0.5947553515434265,0.11944516003131866,0.004897179082036018,0.00015699372161179782
618,0.594846785068512,0.11945322155952454,0.004891308955848217,0.00015697411727160217
619,0.5949381589889526,0.119461290538311,0.0048854467459023,0.00015695466427132488
620,0.5950295329093933,0.11946935951709747,0.004879592917859554,0.00015693536261096597
621,0.595120906829834,0.11947743594646454,0.004873746074736118,0.00015691615408286452
622,0.5952122807502747,0.1194855123758316,0.004867906682193279,0.0001568970619700849
623,0.5953035950660706,0.11949359625577927,0.004862075671553612,0.00015687808627262712
624,0.5953949093818665,0.11950168013572693,0.004856253042817116,0.00015685937833040953
625,0.5954862236976624,0.11950977146625519,0.004850434605032206,0.0001568406936712563
626,0.5955775380134583,0.11951786279678345,0.004844626411795616,0.00015682219527661802
627,0.5956687927246094,0.1195259615778923,0.004838826134800911,0.00015680384822189808
628,0.5957600474357605,0.11953406035900116,0.00483303377404809,0.0001567855477333069
629,0.5958513021469116,0.11954216659069061,0.004827247466892004,0.00015676749171689153
630,0.5959425568580627,0.11955027282238007,0.004821472335606813,0.00015674950554966927
631,0.5960337519645691,0.11955837905406952,0.004815699998289347,0.00015673171728849413
632,0.5961249470710754,0.11956649273633957,0.004809939302504063,0.0001567140454426408
633,0.5962161421775818,0.11957460641860962,0.004804184660315514,0.00015669644344598057
634,0.5963073372840881,0.11958272755146027,0.0047984374687075615,0.00015667898114770653
635,0.5963984727859497,0.11959084868431091,0.00479270052164793,0.00015666169347241523
636,0.5964896082878113,0.11959897726774216,0.004786970093846321,0.00015664451057091356
637,0.5965807437896729,0.1196071058511734,0.004781247582286596,0.0001566274673677981
638,0.5966718792915344,0.11961524188518524,0.00477553391829133,0.00015661054058000446
639,0.5967629551887512,0.11962337791919708,0.004769825376570225,0.0001565938466228545
640,0.596854031085968,0.11963151395320892,0.004764125682413578,0.0001565772225148976
641,0.5969451069831848,0.11963965743780136,0.0047584339044988155,0.00015656071482226253
642,0.5970361828804016,0.1196478009223938,0.004752750042825937,0.0001565443817526102
643,0.5971271991729736,0.11965595185756683,0.004747073631733656,0.00015652820002287626
644,0.5972182154655457,0.11966410279273987,0.0047414060682058334,0.00015651209978386762
645,0.5973092317581177,0.1196722611784935,0.004735744092613459,0.00015649612760171294
646,0.5974001884460449,0.11968041956424713,0.0047300891019403934,0.00015648030675947667
647,0.5974911451339722,0.11968857795000076,0.004724443890154362,0.00015646464889869095
648,0.5975821018218994,0.11969674378633499,0.004718804266303778,0.00015644915401935577
649,0.5976730585098267,0.11970490962266922,0.0047131734900176525,0.00015643368242308499
650,0.5977639555931091,0.11971308290958405,0.004707551095634699,0.00015641842037439346
651,0.5978548526763916,0.11972125619649887,0.004701935686171055,0.00015640329802408816
652,0.5979457497596741,0.1197294369339943,0.004696327727288008,0.00015638830373063684
653,0.5980365872383118,0.11973761767148972,0.00469072675332427,0.00015637348406016827
654,0.5981274247169495,0.11974579840898514,0.004685133695602417,0.0001563588040880859
655,0.5982182621955872,0.11975398659706116,0.004679549019783735,0.00015634419396519663
656,0.5983090400695801,0.11976217478513718,0.004673975054174662,0.00015632970025762917
657,0.598399817943573,0.11977037042379379,0.004668403882533312,0.00015631538117304446
658,0.5984905958175659,0.11977856606245041,0.004662841558456421,0.0001563011552207172
659,0.5985813736915588,0.11978676170110703,0.004657289944589138,0.00015628710389137268
660,0.598672091960907,0.11979496479034424,0.004651745781302452,0.00015627314569428564
661,0.5987628102302551,0.11980316787958145,0.004646207205951214,0.00015625942032784226
662,0.5988535284996033,0.11981137841939926,0.0046406760811805725,0.00015624575316905976
663,0.5989441871643066,0.11981958895921707,0.004635156132280827,0.00015623223735019567
664,0.59903484582901,0.11982779949903488,0.004629640839993954,0.00015621877973899246
665,0.5991255044937134,0.11983601748943329,0.004624135792255402,0.00015620547346770764
666,0.599216103553772,0.1198442354798317,0.004618636332452297,0.00015619236510246994
667,0.5993067026138306,0.1198524534702301,0.004613143857568502,0.00015617944300174715
668,0.5993973016738892,0.1198606789112091,0.004607662092894316,0.00015616654418408872
669,0.599487841129303,0.11986890435218811,0.00460218358784914,0.0001561538549140096
670,0.5995783805847168,0.11987713724374771,0.004596714396029711,0.00015614125877618792
671,0.5996689200401306,0.11988537013530731,0.00459125405177474,0.00015612876741215588
672,0.5997593998908997,0.11989360302686691,0.004585801158100367,0.0001561164972372353
673,0.5998498797416687,0.11990184336900711,0.004580354318022728,0.00015610427362844348
674,0.5999403595924377,0.11991008371114731,0.004574914928525686,0.00015609221300110223
675,0.600030779838562,0.1199183240532875,0.004569484852254391,0.00015608023386448622
676,0.6001212000846863,0.1199265718460083,0.004564058501273394,0.00015606860397383572
677,0.6002116203308105,0.1199348196387291,0.004558640997856855,0.0001560569158755243
678,0.60030198097229,0.11994307488203049,0.004553233273327351,0.00015604537911713124
679,0.6003923416137695,0.11995133012533188,0.004547832068055868,0.00015603399369865656
680,0.600482702255249,0.11995958536863327,0.004542437382042408,0.0001560227479785681
681,0.6005730032920837,0.11996784806251526,0.004537048749625683,0.000156011653598398
682,0.6006633043289185,0.11997611075639725,0.004531669896095991,0.00015600065235048534
683,0.6007536053657532,0.11998437345027924,0.004526297561824322,0.00015598981408402324
684,0.6008438467979431,0.11999264359474182,0.004520932678133249,0.00015597910387441516
685,0.6009340882301331,0.1200009137392044,0.004515576176345348,0.00015596848679706455
686,0.6010242700576782,0.12000918388366699,0.0045102257281541824,0.0001559581025503576
687,0.6011144518852234,0.12001746147871017,0.004504883661866188,0.000155947741586715
688,0.6012046337127686,0.12002573907375336,0.004499548114836216,0.00015593753196299078
689,0.601294755935669,0.12003401666879654,0.0044942209497094154,0.00015592749696224928
690,0.6013848781585693,0.12004230171442032,0.0044889007695019245,0.00015591759001836182
691,0.6014750003814697,0.1200505867600441,0.004483587574213743,0.00015590775292366745
692,0.6015650629997253,0.12005887180566788,0.004478281829506159,0.00015589813701808453
693,0.601655125617981,0.12006716430187225,0.004472984001040459,0.000155888544395566
694,0.6017451882362366,0.12007545679807663,0.004467691294848919,0.00015587916132062674
695,0.6018351912498474,0.120083749294281,0.004462407436221838,0.00015586989466100933
696,0.6019251942634583,0.12009204924106598,0.004457130562514067,0.00015586075605824592
697,0.6020151376724243,0.12010034918785095,0.004451860673725605,0.00015585178043693305
698,0.6021050810813904,0.12010864913463593,0.00444659823551774,0.0001558428630232811
699,0.6021950244903564,0.1201169565320015,0.004441342782229185,0.00015583413187414408
700,0.6022849082946777,0.12012526392936707,0.00443609245121479,0.00015582554042339327
701,0.602374792098999,0.12013357132673264,0.004430853296071291,0.0001558170421048999
702,0.6024646759033203,0.1201418861746788,0.004425620194524527,0.00015580871840938928
703,0.6025545001029968,0.12015020102262497,0.004420394077897072,0.00015580042963847518
704,0.6026443243026733,0.12015851587057114,0.004415171220898628,0.00015579237369820476
705,0.6027340888977051,0.1201668381690979,0.004409960005432367,0.00015578437596559526
706,0.6028238534927368,0.12017516046762466,0.004404756706207991,0.00015577651793137194
707,0.6029136180877686,0.12018348276615143,0.004399560391902924,0.00015576884616166355
708,0.6030033230781555,0.12019180506467819,0.004394371993839741,0.00015576123259961606
709,0.6030930280685425,0.12020013481378555,0.004389186855405569,0.00015575379366055133
710,0.6031827330589294,0.12020846456289291,0.004384011961519718,0.00015574641292914748
711,0.6032723784446716,0.12021679431200027,0.0043788449838757515,0.0001557392068207264
712,0.6033620238304138,0.12022513151168823,0.004373683128505945,0.00015573211712762716
713,0.6034516096115112,0.12023346871137619,0.0043685282580554485,0.00015572517877444626
714,0.6035411953926086,0.12024180591106415,0.004363380838185549,0.00015571833355352283
715,0.603630781173706,0.1202501431107521,0.004358239937573671,0.00015571159310638906
716,0.6037203073501587,0.12025848776102066,0.0043531060218811035,0.00015570507384836675
717,0.6038098335266113,0.12026683241128922,0.004347979091107845,0.00015569854294881225
718,0.6038993000984192,0.12027517706155777,0.004342860542237759,0.00015569222159683704
719,0.603988766670227,0.12028352916240692,0.004337747115641832,0.00015568610979244113
720,0.6040782332420349,0.12029188126325607,0.004332639742642641,0.00015567999798804522
721,0.604167640209198,0.12030023336410522,0.004327540751546621,0.00015567406080663204
722,0.6042570471763611,0.12030858546495438,0.0043224492110311985,0.00015566820511594417
723,0.6043463945388794,0.12031694501638412,0.004317362792789936,0.00015566255897283556
724,0.6044357419013977,0.12032530456781387,0.004312283359467983,0.00015565697103738787
725,0.6045250296592712,0.12033366411924362,0.004307210445404053,0.00015565159264951944
726,0.6046143174171448,0.12034203112125397,0.004302143584936857,0.00015564627246931196
727,0.6047036051750183,0.12035039812326431,0.0042970855720341206,0.0001556410687044263
728,0.6047928333282471,0.12035876512527466,0.004292031284421682,0.00015563607448711993
729,0.6048820614814758,0.120367132127285,0.004286985378712416,0.000155631173402071
730,0.6049712300300598,0.12037550657987595,0.004281945992261171,0.00015562637709081175
731,0.6050603985786438,0.12038388103246689,0.004276912193745375,0.00015562170883640647
732,0.6051495671272278,0.12039225548505783,0.004271887242794037,0.0001556171220727265
733,0.605238676071167,0.12040062993764877,0.004266870208084583,0.0001556126866489649
734,0.6053277850151062,0.12040901184082031,0.004261855501681566,0.00015560833271592857
735,0.6054168343544006,0.12041739374399185,0.004256850108504295,0.00015560418833047152
736,0.6055058836936951,0.12042577564716339,0.004251850303262472,0.0001556001021526754
737,0.6055948734283447,0.12043415755033493,0.004246854688972235,0.00015559622552245857
738,0.6056838631629944,0.12044254690408707,0.004241869784891605,0.0001555923721753061
739,0.605772852897644,0.1204509362578392,0.004236889071762562,0.00015558870509266854
740,0.6058617830276489,0.12045932561159134,0.004231914412230253,0.00015558514278382065
741,0.6059507131576538,0.12046771496534348,0.004226946737617254,0.0001555816736072302
742,0.6060395836830139,0.12047611176967621,0.004221986047923565,0.00015557835577055814
743,0.606128454208374,0.12048450857400894,0.00421703327447176,0.00015557511942461134
744,0.6062172651290894,0.12049290537834167,0.00421208655461669,0.00015557203441858293
745,0.6063060760498047,0.12050130218267441,0.004207146354019642,0.00015556912403553725
746,0.6063948273658752,0.12050970643758774,0.00420221034437418,0.00015556630678474905
747,0.6064835786819458,0.12051811069250107,0.004197282716631889,0.00015556354774162175
748,0.6065723299980164,0.1205265149474144,0.004192363936454058,0.0001555608934722841
749,0.6066610217094421,0.12053491920232773,0.004187447018921375,0.00015555848367512228
750,0.6067497134208679,0.12054332345724106,0.00418253755196929,0.0001555561670102179
751,0.6068383455276489,0.12055173516273499,0.004177634604275227,0.00015555393183603884
752,0.6069269776344299,0.12056014686822891,0.00417273910716176,0.00015555175486952068
753,0.6070155501365662,0.12056855857372284,0.00416784780099988,0.0001555497874505818
754,0.6071041226387024,0.12057697027921677,0.004162962082773447,0.0001555479131639004
755,0.6071926355361938,0.12058538943529129,0.0041580828838050365,0.00015554626006633045
756,0.6072811484336853,0.12059380859136581,0.004153212532401085,0.00015554459532722832
757,0.6073696613311768,0.12060222774744034,0.004148346837610006,0.00015554305864498021
758,0.6074581146240234,0.12061064690351486,0.004143488127738237,0.00015554168494418265
759,0.6075465679168701,0.12061906605958939,0.004138633608818054,0.00015554041601717472
760,0.607634961605072,0.1206274926662445,0.004133785143494606,0.00015553921693935993
761,0.6077233552932739,0.12063591927289963,0.00412894319742918,0.0001555382157675922
762,0.607811689376831,0.12064434587955475,0.004124107304960489,0.0001555373310111463
763,0.6079000234603882,0.12065277248620987,0.004119278397411108,0.000155536481179297
764,0.6079882979393005,0.12066119909286499,0.0041144550777971745,0.00015553577104583384
765,0.6080765724182129,0.12066963315010071,0.004109637346118689,0.00015553521225228906
766,0.6081647872924805,0.12067806720733643,0.004104826133698225,0.00015553474659100175
767,0.608253002166748,0.12068650126457214,0.004100019112229347,0.0001555344555526972
768,0.6083411574363708,0.12069493532180786,0.004095218610018492,0.00015553428092971445
769,0.6084293127059937,0.12070336937904358,0.004090425558388233,0.00015553416451439262
770,0.6085174679756165,0.1207118108868599,0.004085637163370848,0.00015553416451439262
771,0.6086055636405945,0.12072025239467621,0.0040808552876114845,0.00015553428092971445
772,0.6086936593055725,0.12072869390249252,0.004076078068464994,0.0001555345137603581
773,0.6087816953659058,0.12073713541030884,0.004071307368576527,0.00015553486300632358
774,0.608869731426239,0.12074557691812515,0.0040665422566235065,0.00015553530538454653
775,0.6089577078819275,0.12075402587652206,0.0040617831982672215,0.00015553594566881658
776,0.609045684337616,0.12076247483491898,0.004057031590491533,0.00015553663251921535
777,0.6091336011886597,0.12077092379331589,0.004052284639328718,0.00015553744742646813
778,0.6092215180397034,0.1207793727517128,0.004047543276101351,0.00015553829725831748
779,0.6093093752861023,0.12078782171010971,0.004042809829115868,0.0001555393566377461
780,0.6093972325325012,0.12079627066850662,0.004038079176098108,0.00015554047422483563
781,0.6094850301742554,0.12080472707748413,0.004033354576677084,0.00015554176643490792
782,0.6095728278160095,0.12081318348646164,0.004028635565191507,0.00015554315177723765
783,0.6096605658531189,0.12082163989543915,0.00402392353862524,0.00015554465353488924
784,0.6097483038902283,0.12083009630441666,0.004019217099994421,0.00015554626006633045
785,0.6098359823226929,0.12083855271339417,0.0040145148523151875,0.00015554793644696475
786,0.6099236607551575,0.12084700912237167,0.00400981679558754,0.00015554988058283926
787,0.6100112795829773,0.12085547298192978,0.004005125258117914,0.00015555178979411723
788,0.6100988984107971,0.12086393684148788,0.004000438842922449,0.00015555387362837793
789,0.6101864576339722,0.12087240070104599,0.003995759412646294,0.00015555599238723517
790,0.6102740168571472,0.1208808645606041,0.003991082776337862,0.00015555828576907516
791,0.6103615164756775,0.1208893284201622,0.003986411727964878,0.00015556077705696227
792,0.6104490160942078,0.1208977922797203,0.0039817471988499165,0.00015556327998638155
793,0.6105364561080933,0.12090625613927841,0.00397708872333169,0.000155565922614187
794,0.6106238961219788,0.12091472744941711,0.003972434438765049,0.00015556865837424995
795,0.6107112765312195,0.12092319875955582,0.003967787604779005,0.00015557147562503815
796,0.6107986569404602,0.12093167006969452,0.003963146358728409,0.00015557438600808383
797,0.6108859777450562,0.12094014137983322,0.003958507440984249,0.00015557744773104788
798,0.6109732985496521,0.12094861268997192,0.00395387364551425,0.00015558064915239812
799,0.6110605597496033,0.12095708400011063,0.00394924683496356,0.00015558400191366674
800,0.6111478209495544,0.12096555531024933,0.003944626078009605,0.0001555873197503388
801,0.6112350225448608,0.12097403407096863,0.003940009046345949,0.0001555907540023327
802,0.6113222241401672,0.12098251283168793,0.00393539946526289,0.00015559433959424498
803,0.6114093661308289,0.12099099159240723,0.0039307912811636925,0.00015559809980913997
804,0.6114965081214905,0.12099947035312653,0.003926191478967667,0.00015560195315629245
805,0.6115835905075073,0.12100794911384583,0.003921595402061939,0.00015560586471110585
806,0.6116706728935242,0.12101642787456512,0.0039170049130916595,0.0001556099159643054
807,0.6117576956748962,0.12102490663528442,0.003912420477718115,0.00015561406034976245
808,0.6118447184562683,0.12103338539600372,0.003907838370651007,0.00015561832115054133
809,0.6119316816329956,0.12104187160730362,0.0039032618515193462,0.0001556227682158351
810,0.6120186448097229,0.12105035781860352,0.0038986920844763517,0.0001556272036395967
811,0.6121055483818054,0.12105884402990341,0.0038941253442317247,0.00015563173219561578
812,0.6121924519538879,0.12106733024120331,0.0038895653560757637,0.00015563640045002103
813,0.6122792959213257,0.1210758164525032,0.0038850095588713884,0.00015564119676128032
814,0.6123660802841187,0.1210843026638031,0.0038804581854492426,0.00015564613277092577
815,0.6124528646469116,0.121092788875103,0.0038759135641157627,0.00015565112698823214
816,0.6125395894050598,0.1211012750864029,0.0038713724352419376,0.00015565623762086035
817,0.612626314163208,0.12110976874828339,0.003866836428642273,0.00015566141810268165
818,0.6127129793167114,0.12111826241016388,0.003862305311486125,0.00015566679649055005
819,0.6127996444702148,0.12112675607204437,0.003857777453958988,0.0001556721981614828
820,0.6128862500190735,0.12113524973392487,0.0038532542530447245,0.0001556777278892696
821,0.6129728555679321,0.12114374339580536,0.0038487366400659084,0.00015568340895697475
822,0.613059401512146,0.12115223705768585,0.0038442229852080345,0.00015568913659080863
823,0.6131459474563599,0.12116073071956635,0.003839715849608183,0.00015569492243230345
824,0.613232433795929,0.12116922438144684,0.0038352126721292734,0.0001557008712552488
825,0.613318920135498,0.12117771804332733,0.0038307139184325933,0.00015570688992738724
826,0.6134053468704224,0.12118621170520782,0.0038262191228568554,0.00015571309486404062
827,0.6134917140007019,0.12119470536708832,0.0038217303808778524,0.0001557193580083549
828,0.6135780811309814,0.12120320647954941,0.0038172476924955845,0.00015572567936033012
829,0.6136643886566162,0.1212117075920105,0.0038127698935568333,0.00015573215205222368
830,0.613750696182251,0.12122020870447159,0.003808296052739024,0.0001557387295179069
831,0.613836944103241,0.12122870981693268,0.003803824307397008,0.00015574537683278323
832,0.613923192024231,0.12123721092939377,0.0037993586156517267,0.000155752117279917
833,0.6140093803405762,0.12124571204185486,0.003794898511841893,0.00015575902070850134
834,0.6140955686569214,0.12125421315431595,0.0037904425989836454,0.00015576595906168224
835,0.6141816973686218,0.12126271426677704,0.0037859915755689144,0.00015577299054712058
836,0.6142678260803223,0.12127121537923813,0.0037815456744283438,0.00015578016173094513
837,0.6143538951873779,0.12127971649169922,0.0037771021015942097,0.00015578740276396276
838,0.6144399046897888,0.12128821760416031,0.0037726638838648796,0.00015579478349536657
839,0.6145259141921997,0.1212967187166214,0.003768229391425848,0.00015580228064209224
840,0.6146118640899658,0.12130521982908249,0.0037637988571077585,0.00015580989420413971
841,0.6146978139877319,0.12131372839212418,0.003759372513741255,0.00015581751940771938
842,0.6147837042808533,0.12132223695516586,0.0037549505941569805,0.00015582534251734614
843,0.6148695945739746,0.12133074551820755,0.0037505323998630047,0.0001558331889100373
844,0.6149554252624512,0.12133925408124924,0.0037461197935044765,0.0001558411284349859
845,0.615041196346283,0.12134776264429092,0.0037417106796056032,0.00015584931243211033
846,0.6151269674301147,0.12135627120733261,0.0037373064551502466,0.0001558574615046382
847,0.6152126789093018,0.1213647797703743,0.003732905723154545,0.00015586572699248792
848,0.6152983903884888,0.12137328833341599,0.003728510346263647,0.0001558740739710629
849,0.615384042263031,0.12138179689645767,0.0037241193931549788,0.00015588254900649192
850,0.6154696941375732,0.12139030545949936,0.00371973286382854,0.00015589108224958184
851,0.6155552864074707,0.12139881402254105,0.0037153519224375486,0.00015589969698339703
852,0.6156408190727234,0.12140732258558273,0.0037109730765223503,0.00015590849798172713
853,0.6157263517379761,0.12141583114862442,0.0037066007498651743,0.00015591732226312162
854,0.615811824798584,0.12142433971166611,0.003702231217175722,0.00015592623967677357
855,0.6158972978591919,0.1214328482747078,0.003697867039591074,0.00015593526186421516
856,0.615982711315155,0.12144135683774948,0.0036935049574822187,0.00015594438882544638
857,0.6160680651664734,0.12144986540079117,0.0036891477648168802,0.00015595362056046726
858,0.6161534190177917,0.12145837396383286,0.003684796392917633,0.00015596295706927777
859,0.6162387132644653,0.12146688252687454,0.0036804466508328915,0.00015597239835187795
860,0.6163240075111389,0.12147539108991623,0.0036761020310223103,0.00015598199097439648
861,0.6164092421531677,0.12148389965295792,0.003671761369332671,0.00015599154867231848
862,0.6164944767951965,0.1214924082159996,0.0036674223374575377,0.00015600126935169103
863,0.6165796518325806,0.12150091677904129,0.003663088660687208,0.0001560110365971923
864,0.6166647672653198,0.12150942534208298,0.003658759407699108,0.00015602095518261195
865,0.6167498826980591,0.12151793390512466,0.003654434811323881,0.00015603099018335342
866,0.6168349385261536,0.12152644991874695,0.0036501125432550907,0.0001560410484671593
867,0.616919994354248,0.12153496593236923,0.0036457956302911043,0.00015605129301548006
868,0.6170049905776978,0.12154348194599152,0.003641480812802911,0.00015606153756380083
869,0.6170899271965027,0.1215519979596138,0.003637168789282441,0.00015607201494276525
870,0.6171748638153076,0.12156051397323608,0.0036328632850199938,0.00015608246903866532
871,0.6172597408294678,0.12156902998685837,0.0036285605747252703,0.00015609306283295157
872,0.6173446178436279,0.12157754600048065,0.0036242627538740635,0.00015610365662723782
873,0.6174294352531433,0.12158606201410294,0.0036199712194502354,0.00015611437847837806
874,0.6175141930580139,0.12159457802772522,0.0036156815476715565,0.00015612524002790452
875,0.6175989508628845,0.1216030940413475,0.0036113946698606014,0.0001561361597850919
876,0.6176836490631104,0.12161161005496979,0.003607112681493163,0.0001561471144668758
877,0.6177682876586914,0.12162012606859207,0.003602833952754736,0.00015615830197930337
878,0.6178529262542725,0.12162864208221436,0.003598560579121113,0.00015616952441632748
879,0.6179375052452087,0.12163715809583664,0.0035942899994552135,0.00015618077013641597
880,0.618022084236145,0.12164567410945892,0.003590025007724762,0.00015619209734722974
881,0.6181066036224365,0.12165419012308121,0.003585760947316885,0.00015620352933183314
882,0.6181910634040833,0.12166270613670349,0.0035815017763525248,0.00015621515922248363
883,0.61827552318573,0.12167122215032578,0.003577245632186532,0.00015622684732079508
884,0.6183599233627319,0.12167973816394806,0.003572992514818907,0.00015623854706063868
885,0.6184442639350891,0.12168825417757034,0.0035687447525560856,0.00015625046798959375
886,0.6185286045074463,0.12169676274061203,0.003564500715583563,0.0001562623423524201
887,0.6186128854751587,0.12170527130365372,0.0035602590069174767,0.0001562743214890361
888,0.6186971664428711,0.1217137798666954,0.003556019626557827,0.00015628646360710263
889,0.6187813878059387,0.12172228842973709,0.0035517860669642687,0.00015629868721589446
890,0.6188655495643616,0.12173079699277878,0.0035475553013384342,0.00015631102724000812
891,0.6189497113227844,0.12173930555582047,0.0035433287266641855,0.0001563233439810574
892,0.6190338134765625,0.12174781411886215,0.0035391051787883043,0.00015633589355275036
893,0.6191178560256958,0.12175632268190384,0.0035348860546946526,0.00015634846640750767
894,0.6192018985748291,0.12176483124494553,0.0035306697245687246,0.00015636105090379717
895,0.6192858815193176,0.12177333980798721,0.003526457352563739,0.00015637375181540847
896,0.6193698644638062,0.1217818483710289,0.0035222498700022697,0.00015638655750080944
897,0.6194537878036499,0.12179035693407059,0.003518045414239168,0.00015639946796000006
898,0.6195376515388489,0.12179886549711227,0.0035138423554599285,0.00015641249483451248
899,0.6196215152740479,0.12180737406015396,0.003509646048769355,0.0001564255449920893
900,0.619705319404602,0.12181588262319565,0.003505451139062643,0.00015643868828192354
901,0.6197890639305115,0.12182439118623734,0.003501259721815586,0.00015645194798707962
902,0.6198728084564209,0.12183289974927902,0.0034970727283507586,0.0001564653008244932
903,0.6199564933776855,0.12184140831232071,0.003492889227345586,0.00015647871186956765
904,0.6200401186943054,0.1218499168753624,0.003488708520308137,0.00015649223932996393
905,0.6201237440109253,0.12185842543840408,0.0034845308400690556,0.00015650576679036022
906,0.6202073097229004,0.12186693400144577,0.0034803578164428473,0.0001565195037983358
907,0.6202908158302307,0.12187544256448746,0.003476186888292432,0.00015653326408937573
908,0.620374321937561,0.12188395112752914,0.0034720194526016712,0.0001565472106449306
909,0.6204577684402466,0.12189245969057083,0.00346785644069314,0.00015656112227588893
910,0.6205411553382874,0.12190096825361252,0.0034636962227523327,0.00015657516196370126
911,0.6206245422363281,0.12190946936607361,0.00345953949727118,0.00015658930642530324
912,0.6207078695297241,0.1219179704785347,0.0034553860314190388,0.00015660340432077646
913,0.6207911372184753,0.12192647159099579,0.0034512358251959085,0.00015661775832995773
914,0.6208744049072266,0.12193497270345688,0.003447089111432433,0.00015663208905607464
915,0.620957612991333,0.12194347381591797,0.0034429451916366816,0.00015664660604670645
916,0.6210407614707947,0.12195197492837906,0.003438804065808654,0.000156661169603467
917,0.6211239099502563,0.12196047604084015,0.003434667596593499,0.00015667579136788846
918,0.6212069988250732,0.12196897715330124,0.003430534154176712,0.000156690482981503
919,0.6212900280952454,0.12197747826576233,0.0034264042042195797,0.00015670531429350378
920,0.6213730573654175,0.12198597937822342,0.003422279143705964,0.0001567201572470367
921,0.6214560270309448,0.12199448049068451,0.003418155014514923,0.00015673508169129492
922,0.6215389370918274,0.1220029816031456,0.003414034377783537,0.00015675014583393931
923,0.62162184715271,0.12201148271560669,0.0034099179320037365,0.00015676525654271246
924,0.6217046976089478,0.12201997637748718,0.0034058045130223036,0.00015678050694987178
925,0.6217874884605408,0.12202847003936768,0.0034016927238553762,0.00015679579228162767
926,0.6218702793121338,0.12203696370124817,0.0033975839614868164,0.00015681119402870537
927,0.621953010559082,0.12204545736312866,0.003393480321392417,0.00015682661905884744
928,0.6220356822013855,0.12205395102500916,0.0033893799409270287,0.00015684213722124698
929,0.622118353843689,0.12206244468688965,0.0033852828200906515,0.00015685774851590396
930,0.6222009658813477,0.12207093834877014,0.0033811877947300673,0.0001568735344335437
931,0.6222835183143616,0.12207943201065063,0.0033770964946597815,0.00015688932035118341
932,0.6223660707473755,0.12208792567253113,0.003373007522895932,0.0001569051411934197
933,0.6224485635757446,0.12209641933441162,0.0033689227420836687,0.00015692105516791345
934,0.622530996799469,0.12210490554571152,0.0033648409880697727,0.00015693710884079337
935,0.6226133704185486,0.12211339175701141,0.0033607620280236006,0.00015695322072133424
936,0.6226957440376282,0.12212187796831131,0.003356686793267727,0.00015696942573413254
937,0.622778058052063,0.1221303641796112,0.003352614352479577,0.00015698568895459176
938,0.622860312461853,0.1221388503909111,0.003348545404151082,0.00015700210351496935
939,0.6229425668716431,0.122147336602211,0.003344479249790311,0.00015701851807534695
940,0.6230247616767883,0.1221558228135109,0.0033404165878891945,0.00015703506069257857
941,0.6231068968772888,0.12216430902481079,0.003336357418447733,0.00015705161495134236
942,0.6231890320777893,0.12217279523611069,0.003332301042973995,0.00015706823905929925
943,0.623271107673645,0.12218127399682999,0.003328248392790556,0.00015708499122411013
944,0.623353123664856,0.12218975275754929,0.003324199002236128,0.00015710178995504976
945,0.6234350800514221,0.12219823151826859,0.0033201503101736307,0.00015711868181824686
946,0.6235170364379883,0.12220671027898788,0.003316106041893363,0.00015713574830442668
947,0.6235989332199097,0.12221518903970718,0.0033120650332421064,0.00015715279150754216
948,0.6236807703971863,0.12222366780042648,0.003308027284219861,0.00015716989291831852
949,0.6237626075744629,0.12223214656114578,0.003303992096334696,0.00015718711074441671
950,0.6238443851470947,0.12224061787128448,0.0032999615650624037,0.0001572044217027724
951,0.6239261031150818,0.12224908918142319,0.003295932663604617,0.00015722180251032114
952,0.6240077614784241,0.12225756049156189,0.0032919079530984163,0.0001572391949594021
953,0.6240894198417664,0.12226603180170059,0.0032878851052373648,0.0001572567503899336
954,0.6241710186004639,0.1222745031118393,0.0032838652841746807,0.00015727435238659383
955,0.6242525577545166,0.122282974421978,0.003279847791418433,0.00015729196602478626
956,0.6243340969085693,0.1222914457321167,0.003275834023952484,0.0001573097542859614
957,0.6244155764579773,0.1222999095916748,0.003271824447438121,0.00015732760075479746
958,0.6244969964027405,0.12230837345123291,0.003267818596214056,0.00015734542394056918
959,0.6245783567428589,0.12231683731079102,0.0032638146076351404,0.00015736345667392016
960,0.6246597170829773,0.12232530117034912,0.0032598129473626614,0.00015738151269033553
961,0.6247410178184509,0.12233376502990723,0.0032558159437030554,0.0001573996967636049
962,0.6248222589492798,0.12234222888946533,0.0032518210355192423,0.00015741796232759953
963,0.6249034404754639,0.12235069274902344,0.003247829619795084,0.00015743620460852983
964,0.624984622001648,0.12235914915800095,0.0032438416965305805,0.00015745452838018538
965,0.6250657439231873,0.12236760556697845,0.0032398556359112263,0.0001574729452840984
966,0.6251468062400818,0.12237606197595596,0.003235872834920883,0.00015749149024486543
967,0.6252278089523315,0.12238451838493347,0.003231893526390195,0.00015751005848869682
968,0.6253088116645813,0.12239297479391098,0.003227916778996587,0.0001575287198647857
969,0.6253897547721863,0.12240143120288849,0.0032239435240626335,0.0001575474045239389
970,0.6254706382751465,0.1224098801612854,0.0032199725974351168,0.00015756624052301051
971,0.6255515217781067,0.12241832911968231,0.003216002369299531,0.00015758511144667864
972,0.6256323456764221,0.12242677807807922,0.00321203819476068,0.00015760409878566863
973,0.6257131099700928,0.12243522703647614,0.0032080754172056913,0.00015762308612465858
974,0.6257938146591187,0.12244367599487305,0.0032041172962635756,0.00015764222480356695
975,0.6258745193481445,0.12245211750268936,0.0032001615036278963,0.0001576614333316684
976,0.6259551644325256,0.12246055901050568,0.0031962089706212282,0.0001576805952936411
977,0.626035749912262,0.12246900051832199,0.003192257834598422,0.00015769997844472528
978,0.6261162757873535,0.1224774420261383,0.0031883090268820524,0.00015771936159580946
979,0.6261968016624451,0.12248588353395462,0.003184364642947912,0.00015773882623761894
980,0.6262772679328918,0.12249432504177094,0.003180424915626645,0.00015775832580402496
981,0.6263576745986938,0.12250275909900665,0.0031764875166118145,0.00015777795342728496
982,0.6264380216598511,0.12251119315624237,0.003172551514580846,0.00015779766254127027
983,0.6265183687210083,0.12251962721347809,0.003168619005009532,0.00015781737165525557
984,0.6265986561775208,0.1225280612707138,0.003164690686389804,0.00015783717390149832
985,0.6266788840293884,0.12253649532794952,0.003160763531923294,0.00015785706927999856
986,0.6267590522766113,0.12254492193460464,0.003156839869916439,0.00015787710435688496
987,0.6268391609191895,0.12255334854125977,0.003152920166030526,0.0001578971277922392
988,0.6269192695617676,0.12256177514791489,0.00314900279045105,0.00015791727928444744
989,0.6269993185997009,0.12257020175457001,0.00314508774317801,0.0001579374191351235
990,0.6270793080329895,0.12257862091064453,0.0031411773525178432,0.0001579576754011214
991,0.6271592378616333,0.12258704006671906,0.0031372676603496075,0.0001579779898747802
992,0.6272391676902771,0.12259545922279358,0.0031333626247942448,0.00015799838583916426
993,0.6273190379142761,0.1226038783788681,0.0031294599175453186,0.00015801879344508053
994,0.6273988485336304,0.12261229753494263,0.0031255607027560472,0.00015803931746631862
995,0.6274785995483398,0.12262070924043655,0.0031216631177812815,0.00015805993461981416
996,0.6275583505630493,0.12262912094593048,0.003117768559604883,0.00015808058669790627
997,0.627638041973114,0.12263753265142441,0.003113876562565565,0.00015810137847438455
998,0.6277176737785339,0.12264594435691833,0.003109987825155258,0.0001581222051754594
999,0.6277972459793091,0.12265435606241226,0.0031061016488820314,0.0001581431250087917
